bc/loss,bc/epoch,bc/l2_loss,bc/samples_so_far,bc/entropy,bc/l2_norm,bc/ent_loss,batch_size,bc/prob_true_act,bc/neglogp,bc/batch
11.063203555339522,0,0.0,4096,12.574575424194336,1564.5001220703125,-0.01257457584142685,4096,1.5482845921857544e-05,11.075778131180948,0
9.545527662456248,0,0.0,2052096,11.056577682495117,1672.7078857421875,-0.011056577786803246,4096,7.074308840321358e-05,9.556584240243051,500
7.9608905118116855,1,0.0,4100096,9.47034740447998,1950.2681884765625,-0.009470348246395588,4096,0.00034627987866440177,7.970360860058081,1000
6.210962211476874,2,0.0,6148096,7.7186503410339355,2370.9287109375,-0.007718650624155998,4096,0.0020288304303670247,6.21868086210103,1500
4.3637742338142,2,0.0,8196096,5.869553565979004,2938.116455078125,-0.00586955389007926,4096,0.013231551547603169,4.3696437877042795,2000
2.4931572678320144,3,0.0,10244096,3.9969162940979004,3645.903564453125,-0.003996916580945253,4096,0.08840391918901387,2.4971541844129597,2500
0.5811614227450884,4,0.0,12292096,2.082242488861084,4483.83935546875,-0.0020822426304221153,4096,0.6057972852479714,0.5832436653755105,3000
-1.3966287752142046,5,0.0,14340096,0.10135840624570847,5430.50048828125,-0.00010135841148439795,4096,4.401693371011959,-1.3965274168027202,3500
-3.2818316630608404,5,0.0,16388096,-1.810730218887329,6473.40087890625,0.0018107303185388446,4096,28.807795024035748,-3.2836423933793792,4000
-5.192052510297984,6,0.0,18436096,-3.714285373687744,7604.5087890625,0.003714285558089614,4096,197.33872247311163,-5.195766795856073,4500
-7.005437032530759,7,0.0,20484096,-5.573342323303223,8810.83984375,0.005573342554271221,4096,1227.1395248451454,-7.01101037508503,5000
-8.473515580833908,8,0.0,22532096,-7.30112361907959,10024.8828125,0.007301123812794685,4096,6140.583796632738,-8.480816704646703,5500
-9.913489893499865,8,0.0,24580096,-8.776416778564453,11122.724609375,0.008776417002081871,4096,26902.35376561311,-9.922266310501946,6000
-10.421742475223459,9,0.0,26628096,-9.851051330566406,11899.23046875,0.00985105149447918,4096,66770.41916006195,-10.431593526717938,6500
-10.447461437089249,10,0.0,28676096,-10.56913948059082,12446.49609375,0.010569140315055847,4096,81643.01515348573,-10.458030577404305,7000
-11.356197615747153,11,0.0,30724096,-10.991079330444336,12908.0361328125,0.010991079732775688,4096,237627.80014172755,-11.367188695479928,7500
-11.69133611278694,11,0.0,32772096,-11.351434707641602,13340.4697265625,0.01135143544524908,4096,295047.0821297731,-11.70268754823219,8000
-11.974377910830444,12,0.0,34820096,-11.607255935668945,13765.8125,0.011607256717979908,4096,434393.55224600376,-11.985985167548424,8500
-12.13189478568123,13,0.0,36868096,-11.76810359954834,14123.6171875,0.011768104508519173,4096,607114.3865510647,-12.143662890189749,9000
-12.164786708704916,14,0.0,38916096,-11.880668640136719,14492.4833984375,0.011880668811500072,4096,577300.3912765356,-12.176667377516416,9500
-12.45800477938895,14,0.0,40964096,-12.055622100830078,14880.3857421875,0.012055622413754463,4096,834050.5739582225,-12.470060401802705,10000
-12.312789069931048,15,0.0,43012096,-12.140034675598145,15235.7490234375,0.012140035629272461,4096,874739.1352252256,-12.32492910556032,10500
-12.422809154993418,16,0.0,45060096,-12.232336044311523,15538.3701171875,0.012232336215674877,4096,916020.8075503175,-12.435041491209093,11000
-10.996970949776724,16,0.0,47108096,-12.300355911254883,15875.4853515625,0.012300356291234493,4096,203348.08016960736,-11.009271306067959,11500
-12.496887390799223,17,0.0,49156096,-12.307395935058594,16165.6259765625,0.012307396158576012,4096,983401.5955845101,-12.5091947869578,12000
-12.373867332207405,18,0.0,51204096,-12.3469820022583,16453.7890625,0.012346982955932617,4096,884272.1879936152,-12.386214315163338,12500
-12.362339211507,19,0.0,53252096,-12.335871696472168,16710.927734375,0.012335872277617455,4096,1266852.0690295626,-12.374675083784618,13000
-12.056834946570758,19,0.0,55300096,-12.3839750289917,16983.751953125,0.012383976019918919,4096,786688.913637979,-12.069218922590677,13500
-12.445942736462019,20,0.0,57348096,-12.425102233886719,17244.75390625,0.012425103224813938,4096,1119123.9835330385,-12.458367839686833,14000
-12.6989048563237,21,0.0,59396096,-12.434432983398438,17524.73828125,0.012434433214366436,4096,1236275.6308878139,-12.711339289538067,14500
-12.176460361972769,22,0.0,61444096,-12.520009994506836,17804.28515625,0.012520010583102703,4096,1484313.6184823923,-12.188980372555871,15000
-12.52235983593079,22,0.0,63492096,-12.512237548828125,18103.68359375,0.012512237764894962,4096,1021109.3292742833,-12.534872073695684,15500
-12.725975347738354,23,0.0,65540096,-12.559383392333984,18385.19921875,0.012559384107589722,4096,1804783.4916327752,-12.738534731845943,16000
-12.807952814839496,24,0.0,67588096,-12.534610748291016,18637.130859375,0.01253461092710495,4096,1664232.025318643,-12.8204874257666,16500
-11.970415413030112,25,0.0,69636096,-12.564484596252441,18914.73046875,0.01256448496133089,4096,791087.2075545071,-11.982979897991443,17000
-12.615827361087508,25,0.0,71684096,-12.595806121826172,19194.8203125,0.012595806270837784,4096,1862234.5730505635,-12.628423167358346,17500
-12.815319792169333,26,0.0,73732096,-12.599449157714844,19491.3046875,0.01259944960474968,4096,1572108.3808535242,-12.827919241774083,18000
-12.572111554284124,27,0.0,75780096,-12.634200096130371,19773.2421875,0.012634200975298882,4096,1825099.2062935317,-12.584745755259423,18500
-12.962521846642948,28,0.0,77828096,-12.605002403259277,20025.59375,0.012605003081262112,4096,2152598.3626990365,-12.97512684972421,19000
-13.031087574510071,28,0.0,79876096,-12.68387222290039,20345.66015625,0.012683873064815998,4096,2095237.642064539,-13.043771447574887,19500
-13.1077869893368,29,0.0,81924096,-12.66337776184082,20614.1953125,0.01266337838023901,4096,2280694.734391325,-13.120450367717039,20000
-12.910939335946336,30,0.0,83972096,-12.67831039428711,20916.681640625,0.012678311206400394,4096,1674162.054671709,-12.923617647152737,20500
-12.71515865664746,30,0.0,86020096,-12.679804801940918,21228.279296875,0.012679805047810078,4096,1511072.25198414,-12.72783846169527,21000
-12.78095312552204,31,0.0,88068096,-12.667940139770508,21508.998046875,0.012667940929532051,4096,2347252.5985058453,-12.793621066451571,21500
-13.167406005412865,32,0.0,90116096,-12.71470832824707,21798.134765625,0.012714709155261517,4096,2634614.7620416814,-13.180120714568126,22000
-13.186617680392093,33,0.0,92164096,-12.754480361938477,22098.669921875,0.01275448128581047,4096,2695653.089246745,-13.199372161677903,22500
-12.872781988327601,33,0.0,94212096,-12.756938934326172,22381.1328125,0.012756939977407455,4096,2467969.7382233874,-12.885538928305008,23000
-13.149133497858518,34,0.0,96260096,-12.729622840881348,22614.74609375,0.012729623354971409,4096,2568282.677551445,-13.16186312121349,23500
-13.229167542728563,35,0.0,98308096,-12.820087432861328,22929.783203125,0.012820088304579258,4096,3054060.14393543,-13.241987631033142,24000
-13.06023361915029,36,0.0,100356096,-12.73107624053955,23155.85546875,0.012731077149510384,4096,2297195.2774610133,-13.0729646962998,24500
-12.822270834752775,36,0.0,102404096,-12.774628639221191,23414.78125,0.012774629518389702,4096,2592793.149064432,-12.835045464271165,25000
-13.08315180190992,37,0.0,104452096,-12.834754943847656,23705.775390625,0.012834755703806877,4096,2340327.2620524922,-13.095986557613728,25500
-13.17746778862315,38,0.0,106500096,-12.761003494262695,23934.591796875,0.012761004269123077,4096,2893521.0050489567,-13.190228792892274,26000
-13.264254718982668,39,0.0,108548096,-12.852496147155762,24275.37890625,0.012852496467530727,4096,2849644.437901575,-13.277107215450199,26500
-12.896013011445941,39,0.0,110596096,-12.80417251586914,24574.296875,0.012804172933101654,4096,2408346.2308824053,-12.908817184379043,27000
-13.258375091362687,40,0.0,112644096,-12.836465835571289,24817.060546875,0.012836466543376446,4096,2932203.5383719644,-13.271211557906064,27500
-13.264258176408486,41,0.0,114692096,-12.857308387756348,25135.939453125,0.012857308611273766,4096,2628787.595695491,-13.27711548501976,28000
-13.330575771256445,42,0.0,116740096,-12.87191390991211,25430.271484375,0.01287191454321146,4096,3359073.2024532305,-13.343447685799656,28500
-13.187853149772288,42,0.0,118788096,-12.857879638671875,25702.70703125,0.01285788044333458,4096,3033635.1527776103,-13.200711030215622,29000
-13.02571052551222,43,0.0,120836096,-12.921426773071289,26030.197265625,0.012921427376568317,4096,2644331.9000972332,-13.038631952888789,29500
-13.31673548476938,44,0.0,122884096,-12.884982109069824,26253.669921875,0.012884982861578465,4096,3487445.590003295,-13.329620467630958,30000
-13.43805787155619,44,0.0,124932096,-12.910837173461914,26593.697265625,0.01291083823889494,4096,3721840.410836334,-13.450968709795085,30500
-13.069480867670126,45,0.0,126980096,-12.873926162719727,26900.818359375,0.012873927131295204,4096,2237237.5317141926,-13.082354794801422,31000
-12.872445854006752,46,0.0,129028096,-12.997705459594727,27247.283203125,0.012997706420719624,4096,2201265.1970700594,-12.885443560427472,31500
-13.361495535328142,47,0.0,131076096,-12.91089916229248,27550.01171875,0.012910899706184864,4096,3840310.800876277,-13.374406435034327,32000
-13.23083604880226,47,0.0,133124096,-12.894556045532227,27812.951171875,0.012894556857645512,4096,3193371.2823632983,-13.243730605659906,32500
-13.007505113579569,48,0.0,135172096,-12.929479598999023,28129.08984375,0.012929480522871017,4096,2518825.377030351,-13.02043459410244,33000
-13.167070525482917,49,0.0,137220096,-12.9935302734375,28458.98046875,0.012993531301617622,4096,3813715.396656656,-13.180064056784534,33500
-12.782746887749648,50,0.0,139268096,-12.98263168334961,28766.005859375,0.012982632033526897,4096,3018834.5397629044,-12.795729519783174,34000
-13.416314785328648,50,0.0,141316096,-12.953750610351562,29077.865234375,0.012953750789165497,4096,3680106.822271557,-13.429268536117814,34500
-13.131239754282422,51,0.0,143364096,-13.005267143249512,29356.0859375,0.013005267828702927,4096,3209300.3156889733,-13.144245022111125,35000
-13.3616369926504,52,0.0,145412096,-12.97219467163086,29673.396484375,0.012972195632755756,4096,3441389.2032894306,-13.374609188283156,35500
-13.054534531665613,53,0.0,147460096,-13.042051315307617,29957.21875,0.013042052276432514,4096,2134764.0653143353,-13.067576583942046,36000
-13.033630985979233,53,0.0,149508096,-13.050338745117188,30271.5078125,0.013050339184701443,4096,3137627.2818872505,-13.046681325163934,36500
-13.000442177911744,54,0.0,151556096,-12.988187789916992,30545.470703125,0.012988188304007053,4096,2165378.502414834,-13.01343036621575,37000
-13.44162079668298,55,0.0,153604096,-13.029499053955078,30806.482421875,0.013029499910771847,4096,3721441.5207640887,-13.454650296593751,37500
-13.517994005847152,56,0.0,155652096,-13.005437850952148,31071.544921875,0.013005438260734081,4096,3474306.9626166634,-13.530999444107886,38000
-13.543664785347405,56,0.0,157700096,-13.022909164428711,31368.388671875,0.013022909872233868,4096,3797076.6416378273,-13.556687695219638,38500
-13.162935670595568,57,0.0,159748096,-13.076615333557129,31637.630859375,0.013076615519821644,4096,3248129.5829649223,-13.17601228611539,39000
-13.472410165047096,58,0.0,161796096,-13.041054725646973,31899.4609375,0.013041055761277676,4096,3760697.690807924,-13.485451220808374,39500
-12.36100900655162,58,0.0,163844096,-13.04861831665039,32154.5390625,0.013048619031906128,4096,1939736.9331206805,-12.374057625583527,40000
-13.131407948244924,59,0.0,165892096,-13.095113754272461,32430.994140625,0.013095114380121231,4096,3011410.808923091,-13.144503062625045,40500
-13.356855580006311,60,0.0,167940096,-13.049633026123047,32652.640625,0.013049633242189884,4096,3304608.0886722337,-13.3699052132485,41000
-12.976998242621576,61,0.0,169988096,-13.106705665588379,32928.11328125,0.01310670655220747,4096,2671701.0320278583,-12.990104949173784,41500
-13.17664153828727,61,0.0,172036096,-13.094545364379883,33158.7265625,0.013094546273350716,4096,3569820.3186080204,-13.189736084560622,42000
-13.309506364836931,62,0.0,174084096,-13.061477661132812,33383.01953125,0.013061478734016418,4096,3552543.838518589,-13.322567843570948,42500
-13.53411989304823,63,0.0,176132096,-13.095006942749023,33576.39453125,0.01309500727802515,4096,4437015.307352856,-13.547214900326255,43000
-13.29643931711673,64,0.0,178180096,-13.145899772644043,33837.98046875,0.013145900331437588,4096,3507583.2752219914,-13.309585217448168,43500
-13.348880013951977,64,0.0,180228096,-13.155773162841797,34057.96875,0.013155774213373661,4096,2997576.6574900253,-13.36203578816535,44000
-13.038593139447306,65,0.0,182276096,-13.076169967651367,34236.23828125,0.013076170347630978,4096,3998130.722178345,-13.051669309794937,44500
-13.59391262147642,66,0.0,184324096,-13.1123628616333,34462.24609375,0.013112363405525684,4096,4087181.1956320237,-13.607024984881946,45000
-13.38710773590804,67,0.0,186372096,-13.08253002166748,34679.5703125,0.013082530349493027,4096,3764753.836150451,-13.400190266257534,45500
-13.409240505790574,67,0.0,188420096,-13.148580551147461,34877.16796875,0.013148581609129906,4096,3772347.5177337,-13.422389087399704,46000
-13.081478532191122,68,0.0,190468096,-13.116483688354492,35076.65625,0.013116484507918358,4096,3318490.5524451183,-13.09459501669904,46500
-13.445492746824094,69,0.0,192516096,-13.132015228271484,35271.15234375,0.01313201617449522,4096,3753757.375685193,-13.45862476299859,47000
-13.540497027076453,70,0.0,194564096,-13.109109878540039,35433.03125,0.013109110295772552,4096,3918353.6046302803,-13.553606137372226,47500
-13.362581089938383,70,0.0,196612096,-13.127038955688477,35622.8359375,0.013127039186656475,4096,3049769.656846544,-13.375708129125039,48000
-13.385305040704917,71,0.0,198660096,-13.157249450683594,35798.01171875,0.013157250359654427,4096,3192874.130779719,-13.398462291064572,48500
-13.505474914223068,72,0.0,200708096,-13.117799758911133,35995.60546875,0.01311780046671629,4096,3207917.6794012655,-13.518592714689785,49000
-13.138615294834974,73,0.0,202756096,-13.128608703613281,36160.515625,0.013128609396517277,4096,3060290.6282905256,-13.151743904231491,49500
-13.527843038890783,73,0.0,204804096,-13.06254768371582,36319.09375,0.013062547892332077,4096,4145504.6999311843,-13.540905586783115,50000
-13.550327721848149,74,0.0,206852096,-13.151022911071777,36485.6171875,0.013151023536920547,4096,4173968.112300507,-13.56347874538507,50500
-13.346264414470486,75,0.0,208900096,-13.145246505737305,36654.921875,0.013145247474312782,4096,3555807.7589948084,-13.359409661944799,51000
-13.551134499262687,75,0.0,210948096,-13.163349151611328,36801.5,0.013163349591195583,4096,3999572.0710612414,-13.564297848853883,51500
-13.517940548883177,76,0.0,212996096,-13.085992813110352,36966.1796875,0.013085993006825447,4096,4071233.992088278,-13.531026541890002,52000
-13.204360986555605,77,0.0,215044096,-13.181354522705078,37095.8984375,0.013181354850530624,4096,3395132.2516695387,-13.217542341406135,52500
-13.486489679384245,78,0.0,217092096,-13.176658630371094,37208.5546875,0.013176659122109413,4096,3759350.7234370057,-13.499666338506355,53000
-13.157259855402767,78,0.0,219140096,-13.208844184875488,37346.67578125,0.01320884469896555,4096,2420074.3609334594,-13.170468700101733,53500
-13.029761601387426,79,0.0,221188096,-13.168938636779785,37480.08203125,0.013168939389288425,4096,2906658.678116763,-13.042930540776714,54000
-13.610567374004015,80,0.0,223236096,-13.175920486450195,37590.40625,0.013175921514630318,4096,4066948.5059750993,-13.623743295518645,54500
-13.411844877262226,81,0.0,225284096,-13.19500732421875,37720.40625,0.013195008039474487,4096,3516963.4696710566,-13.4250398853017,55000
-13.601393180600349,81,0.0,227332096,-13.191083908081055,37842.734375,0.013191084377467632,4096,4238748.835337339,-13.614584264977816,55500
-13.539860752611258,82,0.0,229380096,-13.152050018310547,37952.6015625,0.013152050785720348,4096,4099381.4888745756,-13.553012803396978,56000
-13.544844018107796,83,0.0,231428096,-13.169526100158691,38076.734375,0.013169527053833008,4096,3915537.47729512,-13.558013545161629,56500
-12.956865506339637,84,0.0,233476096,-13.068477630615234,38148.296875,0.013068478554487228,4096,1592047.1261145384,-12.969933984894125,57000
-13.685367357277277,84,0.0,235524096,-13.134933471679688,38282.14453125,0.01313493400812149,4096,4092682.730550145,-13.698502291285399,57500
-13.256410546849619,85,0.0,237572096,-13.244998931884766,38437.24609375,0.013244999572634697,4096,2917729.726333943,-13.269655546422253,58000
-13.356811553113968,86,0.0,239620096,-13.110279083251953,38483.54296875,0.01311028003692627,4096,3370674.412276943,-13.369921833150894,58500
-13.472992231922795,87,0.0,241668096,-13.191513061523438,38624.0703125,0.01319151371717453,4096,3301380.260337664,-13.48618374563997,59000
-13.651593802453734,87,0.0,243716096,-13.201204299926758,38719.04296875,0.013201205059885979,4096,3947864.0160845844,-13.66479500751362,59500
-13.285465172631035,88,0.0,245764096,-13.191606521606445,38834.52734375,0.013191606849431992,4096,3609423.5557704163,-13.298656779480467,60000
-11.81514638805221,89,0.0,247812096,-13.253479957580566,38957.80078125,0.013253480195999146,4096,1695771.792284635,-11.828399868248209,60500
-13.467274381259438,89,0.0,249860096,-13.138128280639648,39054.05859375,0.013138128444552422,4096,2983491.778015115,-13.48041250970399,61000
-13.344465682847112,90,0.0,251908096,-13.186124801635742,39164.6875,0.013186125084757805,4096,2925080.190077823,-13.35765180793187,61500
-12.709811738466968,91,0.0,253956096,-13.254056930541992,39284.8828125,0.013254057615995407,4096,2718476.537787498,-12.723065796082963,62000
-13.292486111000994,92,0.0,256004096,-13.29797649383545,39382.3984375,0.013297976925969124,4096,4091278.2255715295,-13.305784087926963,62500
-13.432635977214154,92,0.0,258052096,-13.267274856567383,39502.34375,0.013267275877296925,4096,4591832.655302288,-13.445903253091451,63000
-12.621569492352194,93,0.0,260100096,-13.225409507751465,39577.58984375,0.013225410133600235,4096,1471491.56152659,-12.634794902485794,63500
-13.334843080198873,94,0.0,262148096,-13.247459411621094,39684.140625,0.013247460126876831,4096,3434477.2478077095,-13.34809054032575,64000
-13.442308731067264,95,0.0,264196096,-13.236111640930176,39790.47265625,0.013236111961305141,4096,3190839.533383488,-13.45554484302857,64500
-13.687874380373138,95,0.0,266244096,-13.31502628326416,39882.25390625,0.01331502664834261,4096,4620058.236957544,-13.70118940702148,65000
-13.709030399587654,96,0.0,268292096,-13.25691032409668,39969.01953125,0.013256911188364029,4096,3885809.4742264017,-13.722287310776018,65500
-13.113073120765133,97,0.0,270340096,-13.239250183105469,40080.5,0.013239250518381596,4096,1939700.1428956052,-13.126312371283515,66000
-13.390659664005092,98,0.0,272388096,-13.229619979858398,40166.1953125,0.013229620642960072,4096,3193154.25057038,-13.403889284648052,66500
-12.947118481791875,98,0.0,274436096,-13.271541595458984,40275.49609375,0.013271542266011238,4096,1573547.0435636798,-12.960390024057887,67000
-13.067803879393647,99,0.0,276484096,-13.278810501098633,40388.203125,0.013278811238706112,4096,2899325.6122568045,-13.081082690632353,67500
-13.380726206150939,100,0.0,278532096,-13.257940292358398,40495.74609375,0.013257941231131554,4096,4208398.189448402,-13.39398414738207,68000
-13.666608709343054,101,0.0,280580096,-13.288394927978516,40607.3984375,0.01328839547932148,4096,4170304.661891208,-13.679897104822375,68500
-13.716505224234997,101,0.0,282628096,-13.235462188720703,40697.2109375,0.013235462829470634,4096,4783142.58417858,-13.729740687064467,69000
-13.540388661236534,102,0.0,284676096,-13.284592628479004,40817.1875,0.013284592889249325,4096,4010822.8920577765,-13.553673254125783,69500
-13.236172170705903,103,0.0,286724096,-13.283918380737305,40902.15625,0.013283918611705303,4096,1925654.2444230355,-13.249456089317608,70000
-13.274185909508244,103,0.0,288772096,-13.333439826965332,40997.625,0.013333440758287907,4096,3025963.4791807923,-13.287519350266532,70500
-13.444088471085895,104,0.0,290820096,-13.276412010192871,41091.85546875,0.013276413083076477,4096,3825075.7273956034,-13.457364884168971,71000
-13.844090079293851,105,0.0,292868096,-13.28720760345459,41200.765625,0.013287208043038845,4096,4562284.568156368,-13.85737728733689,71500
-13.691687760830797,106,0.0,294916096,-13.313108444213867,41278.16015625,0.013313109055161476,4096,4259869.898817483,-13.705000869885959,72000
-13.48885973354059,106,0.0,296964096,-13.352499008178711,41404.59375,0.013352499343454838,4096,3533668.188659177,-13.502212232884045,72500
-13.620308856882511,107,0.0,299012096,-13.293737411499023,41492.03125,0.013293738476932049,4096,4841607.550970223,-13.633602595359443,73000
-13.310045451991535,108,0.0,301060096,-13.305607795715332,41584.203125,0.013305608183145523,4096,4183514.6969506084,-13.32335106017468,73500
-13.723930010640263,109,0.0,303108096,-13.289012908935547,41669.74609375,0.013289013877511024,4096,4347704.227089768,-13.737219024517774,74000
-12.968588306875601,109,0.0,305156096,-13.331045150756836,41768.6015625,0.013331045396625996,4096,3650215.120411206,-12.981919352272227,74500
-13.753884932868093,110,0.0,307204096,-13.351957321166992,41859.671875,0.013351958245038986,4096,5140060.6692009475,-13.767236891113132,75000
-13.587434512134466,111,0.0,309252096,-13.312252044677734,41951.71875,0.01331225223839283,4096,4772799.044925364,-13.60074676437286,75500
-13.78063128339398,112,0.0,311300096,-13.343950271606445,42038.9921875,0.013343950733542442,4096,4865412.001007488,-13.793975234127522,76000
-13.773872399162649,112,0.0,313348096,-13.30109977722168,42111.375,0.013301100581884384,4096,4117603.573422393,-13.787173499744533,76500
-13.417753382950988,113,0.0,315396096,-13.338253021240234,42215.375,0.01333825383335352,4096,3487224.14313397,-13.431091636784341,77000
-13.394568090872589,114,0.0,317444096,-13.344552993774414,42301.53515625,0.013344553299248219,4096,2546732.0535450056,-13.407912644171837,77500
-12.822369042816037,115,0.0,319492096,-13.31037712097168,42403.17578125,0.013310377486050129,4096,2099196.69194365,-12.835679420302087,78000
-13.13023620686291,115,0.0,321540096,-13.358194351196289,42499.609375,0.013358195312321186,4096,3734086.960350242,-13.143594402175232,78500
-13.730910325269289,116,0.0,323588096,-13.373620986938477,42599.86328125,0.013373621739447117,4096,4100379.62080227,-13.744283947008736,79000
-13.83569088449051,117,0.0,325636096,-13.346014022827148,42703.5703125,0.01334601454436779,4096,4868932.046760038,-13.849036899034878,79500
-13.54348007530404,117,0.0,327684096,-13.388370513916016,42812.21484375,0.013388371095061302,4096,3743708.2378122723,-13.5568684463991,80000
-13.48837458085855,118,0.0,329732096,-13.335860252380371,42883.7109375,0.013335861265659332,4096,3823528.0181517513,-13.501710442124208,80500
-13.27449227156972,119,0.0,331780096,-13.33145523071289,42955.109375,0.013331456109881401,4096,3704901.1434384426,-13.287823727679601,81000
-13.7065692095414,120,0.0,333828096,-13.3926420211792,43020.7265625,0.013392643071711063,4096,4656129.3761109365,-13.71996185261311,81500
-13.506085765943642,120,0.0,335876096,-13.378299713134766,43110.0546875,0.013378300704061985,4096,4039549.491329595,-13.519464066647704,82000
-13.013033297513772,121,0.0,337924096,-13.407875061035156,43189.09765625,0.013407875783741474,4096,2058786.5899438467,-13.026441173297513,82500
-13.757517211632798,122,0.0,339972096,-13.354394912719727,43260.83984375,0.013354395516216755,4096,5122743.36125493,-13.770871607149015,83000
-13.854488314448242,123,0.0,342020096,-13.303613662719727,43331.63671875,0.013303614221513271,4096,4979879.24264124,-13.867791928669755,83500
-13.72399309550223,123,0.0,344068096,-13.356267929077148,43406.24609375,0.013356268405914307,4096,4512820.867948547,-13.737349363908145,84000
-13.722245056246333,124,0.0,346116096,-13.349058151245117,43492.5859375,0.013349059037864208,4096,4592199.627338481,-13.735594115284197,84500
-13.68678986353079,125,0.0,348164096,-13.376749038696289,43578.01171875,0.01337675005197525,4096,4872433.081787098,-13.700166613582764,85000
-13.117330070490652,126,0.0,350212096,-13.306766510009766,43641.49609375,0.013306766748428345,4096,2557701.4901766563,-13.13063683723908,85500
-13.162362778184502,126,0.0,352260096,-13.358993530273438,43715.31640625,0.013358994387090206,4096,4684071.448304857,-13.175721772571592,86000
-12.608124304424564,127,0.0,354308096,-13.38711929321289,43786.9609375,0.013387120328843594,4096,1807478.6253250153,-12.621511424753407,86500
-13.267075519849744,128,0.0,356356096,-13.324026107788086,43871.42578125,0.013324026949703693,4096,3838433.972370825,-13.280399546799448,87000
-13.690991381216591,129,0.0,358404096,-13.347932815551758,43938.41015625,0.013347933068871498,4096,4463241.981760891,-13.704339314285463,87500
-13.510417745667148,129,0.0,360452096,-13.34060287475586,44001.91015625,0.013340603560209274,4096,3493374.582575702,-13.523758349227357,88000
-13.734524573418604,130,0.0,362500096,-13.394886016845703,44070.86328125,0.013394886627793312,4096,4525737.975401768,-13.747919460046397,88500
-13.771392815118407,131,0.0,364548096,-13.371004104614258,44128.6953125,0.013371004723012447,4096,5313563.763558416,-13.78476381984142,89000
-13.098592435907465,132,0.0,366596096,-13.409563064575195,44190.05078125,0.013409563340246677,4096,2306738.3505487656,-13.112001999247711,89500
-13.685071206432031,132,0.0,368644096,-13.388794898986816,44249.3125,0.013388795778155327,4096,4637526.094630718,-13.698460002210187,90000
-13.422137345136683,133,0.0,370692096,-13.303595542907715,44301.78125,0.013303596526384354,4096,4149669.0680163084,-13.435440941663067,90500
-13.575309292098666,134,0.0,372740096,-13.383471488952637,44387.2578125,0.013383472338318825,4096,4931932.70883068,-13.588692764436985,91000
-13.380739207368043,134,0.0,374788096,-13.371294021606445,44450.359375,0.013371294364333153,4096,2800213.2706199987,-13.394110501732376,91500
-13.936389389871728,135,0.0,376836096,-13.386547088623047,44530.4765625,0.013386547565460205,4096,4905102.11106853,-13.949775937437188,92000
-12.907736252693663,136,0.0,378884096,-13.408649444580078,44605.36328125,0.01340864971280098,4096,2454123.28371933,-12.921144902406464,92500
-13.567493259391673,137,0.0,380932096,-13.409049987792969,44656.4296875,0.013409050181508064,4096,3454352.4257710716,-13.580902309573181,93000
-13.648587255693966,137,0.0,382980096,-13.42033863067627,44710.609375,0.013420339673757553,4096,3517192.043698307,-13.662007595367724,93500
-13.932304322048017,138,0.0,385028096,-13.414684295654297,44776.71875,0.013414684683084488,4096,5297360.983553953,-13.945719006731101,94000
-13.757826496662126,139,0.0,387076096,-13.411799430847168,44837.54296875,0.013411800377070904,4096,4358199.205641543,-13.771238297039197,94500
-13.811828754547705,140,0.0,389124096,-13.403146743774414,44905.4140625,0.013403147459030151,4096,4326547.57282952,-13.825231902006735,95000
-13.17995742302803,140,0.0,391172096,-13.387252807617188,44976.03125,0.013387253507971764,4096,3114391.199242859,-13.193344676536002,95500
-13.391518884998753,141,0.0,393220096,-13.412698745727539,45029.1796875,0.013412699103355408,4096,2914178.797825358,-13.404931584102108,96000
-13.2451623208621,142,0.0,395268096,-13.371650695800781,45088.9453125,0.01337165106087923,4096,3230520.1625463166,-13.25853397192298,96500
-13.467631920326761,143,0.0,397316096,-13.371007919311523,45161.34765625,0.013371008448302746,4096,4758997.241193995,-13.481002928775064,97000
-12.842579311671251,143,0.0,399364096,-13.408855438232422,45218.55859375,0.013408856466412544,4096,2476003.890171323,-12.855988168137664,97500
-13.94007722686678,144,0.0,401412096,-13.416483879089355,45288.67578125,0.01341648492962122,4096,5245187.218953199,-13.953493711796401,98000
-12.977041602458579,145,0.0,403460096,-13.40806770324707,45353.21875,0.01340806856751442,4096,3438625.388978859,-12.990449671026093,98500
-13.721591338054367,146,0.0,405508096,-13.425785064697266,45409.79296875,0.013425786048173904,4096,4357325.302491564,-13.73501712410254,99000
-13.627997258133568,146,0.0,407556096,-13.411279678344727,45462.390625,0.013411280699074268,4096,4610690.34722488,-13.641408538832643,99500
-13.378668171497669,147,0.0,409604096,-13.420570373535156,45527.1953125,0.013420570641756058,4096,3806573.9351560376,-13.392088742139425,100000
-13.74887347119163,148,0.0,411652096,-13.409322738647461,45599.48828125,0.013409323059022427,4096,4527940.918522833,-13.762282794250652,100500
-13.714714551293723,148,0.0,413700096,-13.4537353515625,45681.2109375,0.01345373596996069,4096,3445420.711609732,-13.728168287263683,101000
-13.481126224093915,149,0.0,415748096,-13.443201065063477,45724.16015625,0.013443201780319214,4096,4734319.678410301,-13.494569425874234,101500
-13.824587568611719,150,0.0,417796096,-13.422847747802734,45775.390625,0.013422848656773567,4096,4062971.6274501383,-13.838010417268492,102000
-13.838639859641194,151,0.0,419844096,-13.425886154174805,45820.40234375,0.013425886631011963,4096,4952206.828002379,-13.852065746272206,102500
-13.712450535136824,151,0.0,421892096,-13.449913024902344,45876.296875,0.013449913822114468,4096,4572030.410870645,-13.725900448958939,103000
-13.79957336822326,152,0.0,423940096,-13.42441463470459,45938.40234375,0.01342441514134407,4096,5127516.833340324,-13.812997783364604,103500
-13.750776986352712,153,0.0,425988096,-13.43082046508789,46012.51953125,0.013430820778012276,4096,4511851.482553411,-13.764207807130724,104000
-13.485981948018383,154,0.0,428036096,-13.359184265136719,46064.796875,0.013359185308218002,4096,4602922.63774376,-13.4993411333266,104500
-13.668889784812714,154,0.0,430084096,-13.455221176147461,46123.27734375,0.013455221429467201,4096,4858796.570413543,-13.682345006242182,105000
-13.370969991607758,155,0.0,432132096,-13.478564262390137,46173.609375,0.013478565029799938,4096,3369356.647917201,-13.384448556637558,105500
-13.341478333953779,156,0.0,434180096,-13.470909118652344,46220.8515625,0.013470909558236599,4096,3245614.574041482,-13.354949243512015,106000
-13.59525062322713,157,0.0,436228096,-13.464365005493164,46282.26953125,0.01346436608582735,4096,4800015.413119265,-13.608714989312958,106500
-13.59210711736987,157,0.0,438276096,-13.46910572052002,46327.29296875,0.013469106517732143,4096,4046820.9995224588,-13.605576223887603,107000
-13.801924482228664,158,0.0,440324096,-13.473066329956055,46375.84375,0.013473067432641983,4096,5064162.452096523,-13.815397549661306,107500
-13.41247312684202,159,0.0,442372096,-13.455461502075195,46414.79296875,0.013455461710691452,4096,4584889.103232263,-13.425928588552711,108000
-14.058407350761934,160,0.0,444420096,-13.440084457397461,46471.84375,0.013440084643661976,4096,5090951.863054194,-14.071847435405596,108500
-13.326685075761201,160,0.0,446468096,-13.464073181152344,46516.20703125,0.013464073650538921,4096,2893240.955656958,-13.34014914941174,109000
-13.757623235019095,161,0.0,448516096,-13.510025024414062,46574.89453125,0.013510026037693024,4096,4437142.7542825965,-13.771133261056788,109500
-13.456922637734696,162,0.0,450564096,-13.452423095703125,46646.68359375,0.013452423736453056,4096,3731063.651327791,-13.470375061471149,110000
-13.79065236916665,162,0.0,452612096,-13.479917526245117,46700.4921875,0.013479918241500854,4096,4775223.248415315,-13.804132287408152,110500
-13.701637700386545,163,0.0,454660096,-13.477728843688965,46752.23828125,0.013477729633450508,4096,4759387.733270381,-13.715115430019996,111000
-13.599866967967543,164,0.0,456708096,-13.445592880249023,46806.078125,0.013445593416690826,4096,5131003.632318461,-13.613312561384234,111500
-13.374328394872954,165,0.0,458756096,-13.502178192138672,46851.47265625,0.013502178713679314,4096,2973312.3012589617,-13.387830573586633,112000
-13.96323443543957,165,0.0,460804096,-13.49229621887207,46896.6640625,0.013492296449840069,4096,4767950.2038210975,-13.97672673188941,112500
-13.765841060469793,166,0.0,462852096,-13.451933860778809,46945.0546875,0.013451934792101383,4096,4346064.374328585,-13.779292995261894,113000
-13.442822179110085,167,0.0,464900096,-13.52830696105957,47008.48046875,0.013528307899832726,4096,3657042.6839065594,-13.456350487009917,113500
-13.642464177869266,168,0.0,466948096,-13.463396072387695,47037.1796875,0.013463396579027176,4096,4566425.885967892,-13.655927574448294,114000
-13.91085596530899,168,0.0,468996096,-13.460823059082031,47084.2890625,0.013460823334753513,4096,4358133.575904695,-13.924316788643743,114500
-12.83579323206026,169,0.0,471044096,-13.47088623046875,47130.86328125,0.013470887206494808,4096,3561662.2800257024,-12.849264119266754,115000
-13.803656643721112,170,0.0,473092096,-13.500572204589844,47169.0390625,0.013500573113560677,4096,4867031.050386925,-13.817157216834673,115500
-13.803485976067787,171,0.0,475140096,-13.480107307434082,47214.140625,0.013480108231306076,4096,4661580.482436618,-13.816966084299093,116000
-13.435946594765817,171,0.0,477188096,-13.484354019165039,47272.56640625,0.013484355062246323,4096,2382528.52273314,-13.449430949828063,116500
-13.80602353763639,172,0.0,479236096,-13.477660179138184,47317.0390625,0.013477660715579987,4096,5245704.7904589,-13.81950119835197,117000
-13.723217405134463,173,0.0,481284096,-13.519548416137695,47363.0078125,0.013519548811018467,4096,3646156.593374218,-13.736736953945481,117500
-13.074561969847238,174,0.0,483332096,-13.492305755615234,47404.4609375,0.01349230669438839,4096,4268870.496952105,-13.088054276541627,118000
-13.15493151801819,174,0.0,485380096,-13.47188949584961,47440.5078125,0.013471890240907669,4096,1866517.296544353,-13.168403408259097,118500
-13.93724437862831,175,0.0,487428096,-13.4716796875,47467.78515625,0.01347168069332838,4096,5169123.596007517,-13.950716059321639,119000
-13.742262030291045,176,0.0,489476096,-13.540427207946777,47504.453125,0.013540428131818771,4096,4607996.153633109,-13.755802458422863,119500
-13.279529737696606,176,0.0,491524096,-13.545717239379883,47547.8203125,0.013545718044042587,4096,3844274.9558602655,-13.293075455740649,120000
-13.711872160550161,177,0.0,493572096,-13.478633880615234,47594.0859375,0.013478634878993034,4096,4641670.3776795585,-13.725350795429154,120500
-13.795808733308778,178,0.0,495620096,-13.495133399963379,47629.76953125,0.013495134189724922,4096,5110589.718354779,-13.809303867498503,121000
-13.562922567920175,179,0.0,497668096,-13.495895385742188,47670.44921875,0.013495896011590958,4096,4318683.952929009,-13.576418463931766,121500
-13.95752539322201,179,0.0,499716096,-13.490829467773438,47691.9765625,0.013490830548107624,4096,5141097.028548215,-13.971016223770118,122000
-13.812720506083778,180,0.0,501764096,-13.526688575744629,47738.41015625,0.013526689261198044,4096,3731120.1572525436,-13.826247195344976,122500
-13.70242599392131,181,0.0,503812096,-13.504383087158203,47765.94921875,0.013504384085536003,4096,4323314.64461121,-13.715930378006846,123000
-12.30790406287014,182,0.0,505860096,-13.534590721130371,47808.71484375,0.013534591533243656,4096,5227559.761664767,-12.321438654403384,123500
-13.663282705997318,182,0.0,507908096,-13.5311279296875,47845.33203125,0.013531128875911236,4096,3920888.4148271196,-13.67681383487323,124000
-13.940211946199932,183,0.0,509956096,-13.516075134277344,47885.73046875,0.013516075909137726,4096,5311274.586873882,-13.95372802210907,124500
-13.503883196203205,184,0.0,512004096,-13.51440143585205,47921.00390625,0.013514402322471142,4096,4061449.353923925,-13.517397598525676,125000
-13.763918714224456,185,0.0,514052096,-13.428009986877441,47941.73828125,0.01342801097780466,4096,3412421.332158286,-13.77734672520226,125500
-13.864846514934008,185,0.0,516100096,-13.551172256469727,48055.4921875,0.01355117280036211,4096,4244519.506527625,-13.87839768773437,126000
-13.878143115736677,186,0.0,518148096,-13.532075881958008,48087.00390625,0.013532076962292194,4096,5110670.751006126,-13.891675192698969,126500
-13.592197511161366,187,0.0,520196096,-13.55444049835205,48126.2578125,0.013554440811276436,4096,4353286.032309506,-13.605751951972643,127000
-13.899573975750679,188,0.0,522244096,-13.584379196166992,48155.48046875,0.0135843800380826,4096,5037323.438664736,-13.913158355788761,127500
-14.045365985680064,188,0.0,524292096,-13.57675838470459,48181.4296875,0.013576759025454521,4096,4638312.864488704,-14.058942744705519,128000
-13.349547382761909,189,0.0,526340096,-13.53805160522461,48214.28125,0.013538052327930927,4096,3776532.651955935,-13.36308543508984,128500
-11.692308583847094,190,0.0,528388096,-13.596067428588867,48252.2890625,0.013596068136394024,4096,2705677.3183235577,-11.705904651983488,129000
-13.771211071170468,191,0.0,530436096,-13.554882049560547,48281.3125,0.013554882258176804,4096,4168124.3443988003,-13.784765953428645,129500
-13.684129355883274,191,0.0,532484096,-13.418018341064453,48271.89453125,0.013418018817901611,4096,4183157.248395522,-13.697547374701175,130000
-13.584544706463562,192,0.0,534532096,-13.576495170593262,48355.63671875,0.013576495461165905,4096,3063704.9262048304,-13.598121201924728,130500
-14.076556005468122,193,0.0,536580096,-13.523868560791016,48385.75,0.013523869216442108,4096,4959813.071804129,-14.090079874684564,131000
-13.742495675795983,193,0.0,538628096,-13.569722175598145,48418.52734375,0.013569722883403301,4096,4976089.521249631,-13.756065398679386,131500
-13.931773827318777,194,0.0,540676096,-13.55424690246582,48459.8046875,0.013554247096180916,4096,5316138.100917757,-13.945328074414958,132000
-13.756796387366663,195,0.0,542724096,-13.568281173706055,48493.765625,0.013568282127380371,4096,4929355.618215675,-13.770364669494043,132500
-13.826957755607472,196,0.0,544772096,-13.570056915283203,48533.71484375,0.013570057228207588,4096,4752735.073401611,-13.84052781283568,133000
-13.89578786304699,196,0.0,546820096,-13.560152053833008,48566.76171875,0.013560152612626553,4096,4912199.347646858,-13.909348015659617,133500
-13.988786226008397,197,0.0,548868096,-13.557451248168945,48596.4296875,0.013557451777160168,4096,5070633.605438702,-14.002343677785557,134000
-14.064243590593343,198,0.0,550916096,-13.509323120117188,48625.37109375,0.013509323820471764,4096,4861098.968632607,-14.077752914413814,134500
-13.442015505878336,199,0.0,552964096,-13.547609329223633,48656.140625,0.013547609560191631,4096,3683405.259364003,-13.455563115438528,135000
-13.947333035107707,199,0.0,555012096,-13.587186813354492,48684.125,0.01358718704432249,4096,4984373.778321099,-13.96092022215203,135500
-13.86411834919484,200,0.0,557060096,-13.556863784790039,48724.31640625,0.013556864112615585,4096,5303685.859842997,-13.877675213307455,136000
-13.365439583041782,201,0.0,559108096,-13.613567352294922,48752.0625,0.013613567687571049,4096,2628057.4935024674,-13.379053150729353,136500
-14.096364328802384,202,0.0,561156096,-13.567747116088867,48777.34765625,0.013567747548222542,4096,4657874.536641369,-14.109932076350606,137000
-13.694483498363677,202,0.0,563204096,-13.605481147766113,48810.1640625,0.013605481944978237,4096,4091675.672622281,-13.708088980308656,137500
-13.560062386822846,203,0.0,565252096,-13.541592597961426,48828.98046875,0.013541593216359615,4096,4386740.529174819,-13.573603980039206,138000
-13.734821735845788,204,0.0,567300096,-13.618170738220215,48857.14453125,0.013618171215057373,4096,3552786.179953146,-13.748439907060845,138500
-13.567606337541964,205,0.0,569348096,-13.54135513305664,48896.1796875,0.013541355729103088,4096,4119437.8248517253,-13.581147693271067,139000
-13.841921302147323,205,0.0,571396096,-13.591512680053711,48933.953125,0.01359151303768158,4096,3768205.133038041,-13.855512815185005,139500
-14.091902501311806,206,0.0,573444096,-13.621265411376953,48982.1953125,0.01362126599997282,4096,4712871.137296072,-14.105523767311778,140000
-13.983812458147138,207,0.0,575492096,-13.607359886169434,49010.8359375,0.013607360422611237,4096,5408323.741639325,-13.99741981856975,140500
-13.476333240843243,207,0.0,577540096,-13.577569961547852,49055.8359375,0.013577570207417011,4096,4180711.3133102353,-13.48991081105066,141000
-13.925986525943365,208,0.0,579588096,-13.533241271972656,49082.8671875,0.013533242046833038,4096,5008075.95192378,-13.939519767990198,141500
-13.87238423219436,209,0.0,581636096,-13.615402221679688,49125.77734375,0.013615403324365616,4096,4497012.228312375,-13.885999635518726,142000
-13.897509960536942,210,0.0,583684096,-13.617411613464355,49161.2421875,0.013617412187159061,4096,4735886.603307577,-13.911127372724101,142500
-14.033934123833959,210,0.0,585732096,-13.575349807739258,49202.140625,0.013575350865721703,4096,4528860.739287784,-14.04750947469968,143000
-14.102602598529218,211,0.0,587780096,-13.621055603027344,49242.828125,0.013621056452393532,4096,5168710.963619472,-14.116223654981612,143500
-14.009639458082043,212,0.0,589828096,-13.594198226928711,49274.81640625,0.01359419897198677,4096,4813166.166844988,-14.02323365705403,144000
-13.094117768607799,213,0.0,591876096,-13.55354118347168,49306.51953125,0.013553542084991932,4096,3785448.501611487,-13.10767131069279,144500
-14.00472733725184,213,0.0,593924096,-13.604660987854004,49355.140625,0.013604661449790001,4096,5577027.964046307,-14.01833199870163,145000
-13.240004717669986,214,0.0,595972096,-13.628719329833984,49381.09375,0.013628720305860043,4096,3963036.7550379448,-13.253633437975846,145500
-13.85208540560076,215,0.0,598020096,-13.637951850891113,49416.71484375,0.013637952506542206,4096,5643507.784546828,-13.865723358107303,146000
-13.890411599746827,216,0.0,600068096,-13.59426498413086,49447.2109375,0.013594266027212143,4096,4955898.117439629,-13.904005865774039,146500
-13.727482432684678,216,0.0,602116096,-13.612262725830078,49504.09375,0.013612263835966587,4096,5312448.672806523,-13.741094696520644,147000
-13.840471221239712,217,0.0,604164096,-13.59371566772461,49545.55859375,0.01359371654689312,4096,5255112.334954919,-13.854064937786605,147500
-13.891659808912394,218,0.0,606212096,-13.574159622192383,49569.62109375,0.013574160635471344,4096,5071389.437456692,-13.905233969547865,148000
-13.825456127083035,219,0.0,608260096,-13.592884063720703,49615.26953125,0.013592884875833988,4096,4879883.237143524,-13.839049011958869,148500
-13.617673157136483,219,0.0,610308096,-13.629251480102539,49646.0703125,0.013629252091050148,4096,5380350.8899382,-13.631302409227533,149000
-13.350322840549094,220,0.0,612356096,-13.568840980529785,49675.3046875,0.013568841852247715,4096,2458254.571270749,-13.363891682401341,149500
-13.772062594558477,221,0.0,614404096,-13.608009338378906,49705.17578125,0.013608009554445744,4096,5063725.127307152,-13.785670604112923,150000
-14.088033032074563,221,0.0,616452096,-13.604138374328613,49757.7578125,0.013604138977825642,4096,5561133.389630245,-14.101637171052388,150500
-13.841385447361105,222,0.0,618500096,-13.629037857055664,49788.16796875,0.013629038818180561,4096,4774811.762559887,-13.855014486179286,151000
-13.592113969099767,223,0.0,620548096,-13.578335762023926,49818.54296875,0.01357833668589592,4096,4165612.0205716477,-13.605692305785663,151500
-13.839138347148737,224,0.0,622596096,-13.603582382202148,49866.41015625,0.013603582978248596,4096,4808871.686499612,-13.852741930126985,152000
-13.953961480220826,224,0.0,624644096,-13.603982925415039,49892.078125,0.01360398344695568,4096,4856985.502757151,-13.967565463667782,152500
-13.915915582564999,225,0.0,626692096,-13.653953552246094,49917.1796875,0.013653954491019249,4096,5382285.390251833,-13.929569537056018,153000
-13.716469900792045,226,0.0,628740096,-13.626988410949707,49945.7890625,0.013626988977193832,4096,4659687.944701038,-13.73009688976924,153500
-14.0097916742794,227,0.0,630788096,-13.661685943603516,49979.890625,0.013661686331033707,4096,5208065.468975505,-14.023453360610434,154000
-14.033847191497975,227,0.0,632836096,-13.637340545654297,50018.77734375,0.013637341558933258,4096,5292872.583607107,-14.047484533056908,154500
-13.713405424829558,228,0.0,634884096,-13.555375099182129,50064.0859375,0.01355537585914135,4096,4847910.258189127,-13.7269608006887,155000
-13.593941089913212,229,0.0,636932096,-13.561456680297852,50092.09765625,0.013561457395553589,4096,3962476.689589119,-13.607502547308766,155500
-13.742374437342956,230,0.0,638980096,-13.623188972473145,50119.18359375,0.013623189181089401,4096,4528745.143965842,-13.755997626524046,156000
-13.866313336105534,230,0.0,641028096,-13.596595764160156,50145.09375,0.013596596196293831,4096,5319242.744602886,-13.879909932301828,156500
-13.847309299894986,231,0.0,643076096,-13.660423278808594,50182.0625,0.013660424388945103,4096,5390179.481822644,-13.860969724283931,157000
-13.729778713064153,232,0.0,645124096,-13.644829750061035,50214.046875,0.013644830323755741,4096,5286875.513514275,-13.743423543387909,157500
-13.97352606412526,233,0.0,647172096,-13.675302505493164,50238.23046875,0.01367530319839716,4096,3955287.582570481,-13.987201367323657,158000
-13.977809818105538,233,0.0,649220096,-13.652351379394531,50266.43359375,0.013652351684868336,4096,5624562.302805771,-13.991462169790406,158500
-14.077969260241577,234,0.0,651268096,-13.632492065429688,50301.6328125,0.01363249309360981,4096,5885120.091096934,-14.091601753335187,159000
-13.703060761502673,235,0.0,653316096,-13.668721199035645,50330.41015625,0.013668721541762352,4096,5193673.729295479,-13.716729483044436,159500
-13.699465088561212,235,0.0,655364096,-13.673633575439453,50348.04296875,0.013673634268343449,4096,4253764.107775891,-13.713138722829555,160000
-13.377482509467693,236,0.0,657412096,-13.610773086547852,50375.52734375,0.013610773719847202,4096,3708722.485603191,-13.39109328318754,160500
-13.844395352175294,237,0.0,659460096,-13.626258850097656,50403.25,0.013626259751617908,4096,4364740.698301043,-13.858021611926912,161000
-14.270928179315963,238,0.0,661508096,-13.665071487426758,50417.70703125,0.013665071688592434,4096,5547609.284768164,-14.284593251004555,161500
-13.242410367558112,238,0.0,663556096,-13.672566413879395,50458.70703125,0.01367256697267294,4096,3846650.6484709056,-13.256082934530784,162000
-13.861235248333287,239,0.0,665604096,-13.661169052124023,50495.94921875,0.013661169447004795,4096,5161118.036728799,-13.874896417780292,162500
-14.096670309499078,240,0.0,667652096,-13.652997970581055,50536.609375,0.013652998954057693,4096,5405027.626403706,-14.110323308453136,163000
-13.434472597790663,241,0.0,669700096,-13.608957290649414,50553.63671875,0.013608957640826702,4096,3795063.8744434784,-13.44808155543149,163500
-13.744579876550933,241,0.0,671748096,-13.65060806274414,50583.22265625,0.013650608249008656,4096,3093784.956996018,-13.758230484799942,164000
-14.134595479384444,242,0.0,673796096,-13.630708694458008,50609.59765625,0.013630709610879421,4096,4817392.496048516,-14.148226188995324,164500
-13.622392870481587,243,0.0,675844096,-13.642117500305176,50649.46875,0.01364211831241846,4096,4468519.040104673,-13.636034988794005,165000
-14.088140873348824,244,0.0,677892096,-13.642452239990234,50671.46875,0.013642452657222748,4096,5723944.914534984,-14.101783326006046,165500
-13.861546352677909,244,0.0,679940096,-13.612548828125,50708.765625,0.013612549751996994,4096,5386026.883586456,-13.875158902429906,166000
-14.103867992012919,245,0.0,681988096,-13.665518760681152,50738.31640625,0.013665519654750824,4096,4768254.084278117,-14.11753351166767,166500
-13.700432968317253,246,0.0,684036096,-13.631977081298828,50760.03125,0.013631978072226048,4096,4600166.619809983,-13.71406494638948,167000
-14.186649110599438,247,0.0,686084096,-13.663261413574219,50798.19921875,0.013663262128829956,4096,5482431.190447725,-14.200312372728268,167500
-13.813574444311673,247,0.0,688132096,-13.667659759521484,50820.15234375,0.013667660765349865,4096,4912033.406054705,-13.827242105077023,168000
-13.828109521591898,248,0.0,690180096,-13.604162216186523,50851.609375,0.013604163192212582,4096,5007297.971980121,-13.84171368478411,168500
-13.942017590865404,249,0.0,692228096,-13.644780158996582,50878.58203125,0.013644780963659286,4096,4872227.73884633,-13.955662371829064,169000
-13.97007579100001,250,0.0,694276096,-13.637079238891602,50908.078125,0.013637079857289791,4096,5482207.237689328,-13.9837128708573,169500
-13.90620068392331,250,0.0,696324096,-13.689294815063477,50938.0,0.013689295388758183,4096,5214051.663392782,-13.919889979312067,170000
-14.011524711856186,251,0.0,698372096,-13.637324333190918,50962.140625,0.013637324795126915,4096,4953843.920663527,-14.025162036651313,170500
-13.965183256013493,252,0.0,700420096,-13.644664764404297,51004.17578125,0.013644665479660034,4096,5496339.817308387,-13.978827921493153,171000
-13.922401007235923,252,0.0,702468096,-13.64153003692627,51031.42578125,0.013641530647873878,4096,5821299.530251986,-13.936042537883797,171500
-13.732164277793029,253,0.0,704516096,-13.657318115234375,51063.51171875,0.01365731842815876,4096,3869503.9826951893,-13.745821596221187,172000
-13.961523541972355,254,0.0,706564096,-13.70083999633789,51098.19921875,0.01370084099471569,4096,5198710.052203895,-13.97522438296707,172500
-14.032514862087238,255,0.0,708612096,-13.655485153198242,51120.1875,0.013655485585331917,4096,5222012.042415634,-14.04617034767257,173000
-14.061139833928046,255,0.0,710660096,-13.672311782836914,51156.94921875,0.01367231272161007,4096,5561853.058495066,-14.074812146649656,173500
-13.856645483780209,256,0.0,712708096,-13.681636810302734,51192.7578125,0.01368163712322712,4096,5359286.81416437,-13.870327120903436,174000
-13.88258921494448,257,0.0,714756096,-13.662345886230469,51222.0078125,0.013662346638739109,4096,4918814.899824567,-13.896251561583219,174500
-13.968880441560835,258,0.0,716804096,-13.664115905761719,51250.24609375,0.013664116151630878,4096,5808351.8955777045,-13.982544557712465,175000
-14.087982369541937,258,0.0,718852096,-13.64452075958252,51267.23828125,0.013644521124660969,4096,5672279.505064367,-14.101626890666598,175500
-14.219856419096505,259,0.0,720900096,-13.676935195922852,51298.49609375,0.01367693580687046,4096,5533907.211132817,-14.233533354903376,176000
-14.041243236546215,260,0.0,722948096,-13.659841537475586,51320.69921875,0.013659842312335968,4096,5200624.815487642,-14.054903078858551,176500
-13.88931677287776,261,0.0,724996096,-13.63332748413086,51345.8515625,0.01363332848995924,4096,4714096.368046046,-13.902950101367718,177000
-13.818832581582098,261,0.0,727044096,-13.642202377319336,51373.54296875,0.01364220306277275,4096,4771506.395578705,-13.832474784644871,177500
-13.906126291018591,262,0.0,729092096,-13.645528793334961,51409.3359375,0.013645529747009277,4096,5137093.976693115,-13.9197718207656,178000
-13.929519809676464,263,0.0,731140096,-13.677122116088867,51424.46875,0.013677123002707958,4096,5655907.57727611,-13.943196932679172,178500
-14.037405225789653,264,0.0,733188096,-13.691039085388184,51450.6484375,0.013691039755940437,4096,4947740.633614078,-14.051096265545594,179000
-14.094471749680046,264,0.0,735236096,-13.690977096557617,51486.734375,0.013690977357327938,4096,5530198.063732579,-14.108162727037374,179500
-12.98760866362392,265,0.0,737284096,-13.667375564575195,51515.36328125,0.013667375780642033,4096,3332471.4849328827,-13.001276039404562,180000
-14.066434160610783,266,0.0,739332096,-13.62755012512207,51536.8125,0.013627550564706326,4096,5564484.416198433,-14.080061711175489,180500
-13.719784507952882,266,0.0,741380096,-13.679594039916992,51566.8359375,0.013679594732820988,4096,4520408.901575271,-13.733464102685703,181000
-13.683003035110989,267,0.0,743428096,-13.693815231323242,51593.9453125,0.013693816028535366,4096,3396070.3268497996,-13.696696851139524,181500
-13.999083796016672,268,0.0,745476096,-13.642523765563965,51624.87109375,0.013642524369060993,4096,5726293.964704461,-14.012726320385733,182000
-13.952206149720467,269,0.0,747524096,-13.684111595153809,51652.4140625,0.013684112578630447,4096,5795846.966704874,-13.965890262299098,182500
-13.855084055190357,269,0.0,749572096,-13.669949531555176,51676.23046875,0.01366994995623827,4096,5470462.7071766015,-13.868754005146595,183000
-14.049938611572774,270,0.0,751620096,-13.684303283691406,51707.91015625,0.013684303499758244,4096,5512672.004632077,-14.063622915072532,183500
-14.005266873358664,271,0.0,753668096,-13.734216690063477,51733.6015625,0.01373421773314476,4096,5253590.725549652,-14.019001091091809,184000
-13.591974562576503,272,0.0,755716096,-13.700105667114258,51761.4609375,0.013700106181204319,4096,3716992.99771276,-13.605674668757707,184500
-13.71888446651532,272,0.0,757764096,-13.697835922241211,51784.23046875,0.013697836548089981,4096,3755142.7975366022,-13.73258230306341,185000
-14.04113809085538,273,0.0,759812096,-13.707773208618164,51812.375,0.013707773759961128,4096,4883154.639457939,-14.054845864615341,185500
-13.980025710088917,274,0.0,761860096,-13.643169403076172,51848.0234375,0.013643169775605202,4096,5043673.36645859,-13.993668879864522,186000
-14.053389510579454,275,0.0,763908096,-13.684669494628906,51878.65234375,0.013684670440852642,4096,5694139.819670214,-14.067074181020306,186500
-14.175611123505067,275,0.0,765956096,-13.663068771362305,51900.046875,0.01366306934505701,4096,5979287.740237791,-14.189274192850124,187000
-14.065680206835617,276,0.0,768004096,-13.701497077941895,51925.8828125,0.013701497577130795,4096,5423151.426221738,-14.079381704412748,187500
-13.60645999077921,277,0.0,770052096,-13.702583312988281,51956.1015625,0.013702583499252796,4096,3838731.5722700544,-13.620162574278464,188000
-14.028458773330378,278,0.0,772100096,-13.735219955444336,51986.046875,0.013735220767557621,4096,5794453.3811537335,-14.042193994097936,188500
-13.887389339370433,278,0.0,774148096,-13.643821716308594,52024.83203125,0.013643822632730007,4096,5635525.217311088,-13.901033162003163,189000
-14.056752228194007,279,0.0,776196096,-13.635231018066406,52056.01953125,0.013635232113301754,4096,4977720.702816682,-14.070387460307309,189500
-13.914923625497245,280,0.0,778244096,-13.588753700256348,52071.63671875,0.013588754460215569,4096,5844548.685522014,-13.92851237995746,190000
-13.626032037096243,280,0.0,780292096,-13.682258605957031,52101.44921875,0.013682259246706963,4096,3286830.5491356915,-13.63971429634295,190500
-13.75789150384074,281,0.0,782340096,-13.68120002746582,52131.0625,0.013681200332939625,4096,4305540.277744057,-13.77157270417368,191000
-13.98571810063736,282,0.0,784388096,-13.70598030090332,52163.828125,0.013705980964004993,4096,5601384.888631816,-13.999424081601365,191500
-12.785400661803731,283,0.0,786436096,-13.666248321533203,52186.5234375,0.013666248880326748,4096,4434774.26098197,-12.799066910684058,192000
-14.003579872207265,283,0.0,788484096,-13.720117568969727,52209.421875,0.013720118440687656,4096,4964420.12455294,-14.017299990647953,192500
-13.79219305622297,284,0.0,790532096,-13.704108238220215,52235.4921875,0.013704109005630016,4096,4178684.807591672,-13.8058971652286,193000
-13.94849946818675,285,0.0,792580096,-13.71394157409668,52261.56640625,0.013713941909372807,4096,5696983.664188827,-13.962213410096123,193500
-13.711894915363029,286,0.0,794628096,-13.683621406555176,52285.01171875,0.013683621771633625,4096,5227150.929497551,-13.725578537134663,194000
-13.96026019893189,286,0.0,796676096,-13.715070724487305,52303.7421875,0.013715071603655815,4096,5099467.6507261805,-13.973975270535545,194500
-14.167349779366138,287,0.0,798724096,-13.726785659790039,52329.6171875,0.013726786710321903,4096,5913484.236353077,-14.18107656607646,195000
-13.549963298477792,288,0.0,800772096,-13.654521942138672,52353.86328125,0.013654522597789764,4096,4504842.564444605,-13.563617821075582,195500
-13.615167111589951,289,0.0,802820096,-13.735567092895508,52386.03515625,0.013735568150877953,4096,4542865.660891077,-13.628902679740829,196000
-13.535591946092747,289,0.0,804868096,-13.758208274841309,52411.20703125,0.013758208602666855,4096,3292865.365868954,-13.549350154695414,196500
-14.108930470362065,290,0.0,806916096,-13.708476066589355,52441.015625,0.013708476908504963,4096,4880521.907495254,-14.12263894727057,197000
-14.171224509259586,291,0.0,808964096,-13.696025848388672,52459.671875,0.013696026057004929,4096,5909450.266042499,-14.184920535316591,197500
-14.171288511130886,292,0.0,811012096,-13.72037124633789,52490.01953125,0.013720371760427952,4096,5178013.49990782,-14.185008882891314,198000
-13.874709353376101,292,0.0,813060096,-13.703960418701172,52522.05078125,0.013703960925340652,4096,5277654.78266474,-13.888413314301442,198500
-13.822571237326883,293,0.0,815108096,-13.70877456665039,52544.3515625,0.01370877493172884,4096,4189788.502172121,-13.836280012258612,199000
-13.299353900561302,294,0.0,817156096,-13.711164474487305,52569.19140625,0.013711164705455303,4096,3928647.706713891,-13.313065065266757,199500
-14.054750159702207,294,0.0,819204096,-13.734380722045898,52589.07421875,0.013734381645917892,4096,6004563.649628375,-14.068484541348125,200000
-14.136931719907999,295,0.0,821252096,-13.737847328186035,52617.6015625,0.013737848028540611,4096,6114338.93784543,-14.15066956793654,200500
-14.085642335948094,296,0.0,823300096,-13.691205978393555,52632.55859375,0.013691206462681293,4096,5616092.25596606,-14.099333542410776,201000
-13.833248036586248,297,0.0,825348096,-13.659687042236328,52658.8828125,0.013659687712788582,4096,5468446.367889561,-13.846907724299037,201500
-14.058138458320478,297,0.0,827396096,-13.689915657043457,52683.6953125,0.013689916580915451,4096,5803037.256947348,-14.071828374901393,202000
-13.711187599968685,298,0.0,829444096,-13.67940616607666,52718.06640625,0.013679406605660915,4096,4068496.6367787784,-13.724867006574346,202500
-13.938192373746304,299,0.0,831492096,-13.721748352050781,52739.65234375,0.013721749186515808,4096,4215374.2242845325,-13.95191412293282,203000
