bc/loss,bc/entropy,bc/samples_so_far,bc/batch,batch_size,bc/l2_norm,bc/l2_loss,bc/ent_loss,bc/prob_true_act,bc/epoch,bc/neglogp
11.063829861835156,12.574577331542969,2048,0,2048,2844.500244140625,0.0,-0.012574577704071999,1.5473161606251627e-05,0,11.076404439539228
9.528318437825806,11.038732528686523,1026048,500,2048,3012.24072265625,0.0,-0.011038732714951038,7.197620458071342e-05,0,9.539357170540757
7.813700596671689,9.321603775024414,2050048,1000,2048,3345.43994140625,0.0,-0.009321603924036026,0.0004053799195180154,0,7.823022200595725
5.934412030638139,7.437596321105957,3074048,1500,2048,3851.890869140625,0.0,-0.007437596563249826,0.0028070735801618584,0,5.941849627201389
3.980774167812154,5.471591949462891,4098048,2000,2048,4522.09912109375,0.0,-0.005471592303365469,0.021687227600583538,1,3.9862457601155197
2.026835823639808,3.484989881515503,5122048,2500,2048,5338.314453125,0.0,-0.003484989982098341,0.1661503812476825,1,2.0303208136219064
0.1423654591072184,1.4961119890213013,6146048,3000,2048,6258.47998046875,0.0,-0.001496112090535462,1.2414073618278643,1,0.14386157119775386
-1.3490903916962804,-0.26540276408195496,7170048,3500,2048,7139.27392578125,0.0,0.0002654027775861323,7.46925868088873,1,-1.3493557944738666
-2.414129295335915,-1.576755166053772,8194048,4000,2048,7791.3642578125,0.0,0.0015767551958560944,33.72489202344458,2,-2.415706050531771
-3.1144912337163055,-2.469585418701172,9218048,4500,2048,8292.00390625,0.0,0.002469585509970784,111.9104750858641,2,-3.1169608192262763
-3.686615497476106,-3.098755359649658,10242048,5000,2048,8727.39453125,0.0,0.003098755609244108,279.6595961968597,2,-3.68971425308535
-4.1647394215452245,-3.6553027629852295,11266048,5500,2048,9227.3642578125,0.0,0.0036553030367940664,668.298978511481,3,-4.1683947245820185
-4.58903933795225,-4.230029582977295,12290048,6000,2048,9786.583984375,0.0,0.004230029881000519,1620.7584933674393,3,-4.59326936783325
-4.4624834355588,-4.266443252563477,13314048,6500,2048,10345.921875,0.0,0.004266443662345409,2486.360176592122,3,-4.466749879221146
-4.731774058752981,-4.632384777069092,14338048,7000,2048,10893.1328125,0.0,0.004632384981960058,3988.81967188909,3,-4.736406443734941
-5.068253536479816,-4.965290546417236,15362048,7500,2048,11422.951171875,0.0,0.004965290892869234,6629.484260474053,4,-5.073218827372685
-5.446663049903899,-5.292118072509766,16386048,8000,2048,11934.056640625,0.0,0.005292118526995182,11722.217859181139,4,-5.451955168430894
-5.6915440800183354,-5.467660903930664,17410048,8500,2048,12390.62109375,0.0,0.005467661190778017,19018.579870834456,4,-5.6970117412091135
-5.342787081105801,-5.254261016845703,18434048,9000,2048,12852.5478515625,0.0,0.0052542611956596375,16198.765174444467,5,-5.34804134230146
-5.702237406659728,-5.5143141746521,19458048,9500,2048,13293.58203125,0.0,0.0055143143981695175,23097.05338523189,5,-5.707751721057898
-5.531635612175947,-5.509539604187012,20482048,10000,2048,13741.6162109375,0.0,0.005509539972990751,27129.94466253741,5,-5.537145152148938
-5.866524275432486,-5.640801906585693,21506048,10500,2048,14142.6181640625,0.0,0.005640801973640919,33670.222646010865,5,-5.872165077406127
-5.447224598075314,-5.5632805824279785,22530048,11000,2048,14592.939453125,0.0,0.005563281010836363,34842.50982840704,6,-5.45278787908615
-6.254200998200148,-6.12031888961792,23554048,11500,2048,15042.5517578125,0.0,0.0061203190125525,52314.05678550013,6,-6.260321317212701
-5.960693047232583,-5.800655364990234,24578048,12000,2048,15446.2333984375,0.0,0.005800655577331781,39947.1048875737,6,-5.966493702809915
-5.999396488203947,-5.806495666503906,25602048,12500,2048,15838.0205078125,0.0,0.005806495901197195,47374.53350414658,7,-6.005202984105145
-6.010517718456681,-5.884537696838379,26626048,13000,2048,16236.1611328125,0.0,0.005884537938982248,51098.82393242183,7,-6.016402256395663
-5.803030418797766,-6.14372444152832,27650048,13500,2048,16626.392578125,0.0,0.006143724545836449,65590.70224292332,7,-5.809174143343602
-6.014540546920186,-6.031060218811035,28674048,14000,2048,16977.62109375,0.0,0.006031060591340065,64934.69647602919,7,-6.020571607511526
-5.618270674626251,-5.934800148010254,29698048,14500,2048,17354.814453125,0.0,0.005934800487011671,69101.71862871706,8,-5.624205475113262
-6.230926273320774,-6.133706569671631,30722048,15000,2048,17706.037109375,0.0,0.006133706774562597,70852.8345713708,8,-6.237059980095337
-6.138541296517987,-6.075992584228516,31746048,15500,2048,18041.365234375,0.0,0.006075992714613676,75851.03163681405,8,-6.144617289232601
-6.212743999408583,-6.10074520111084,32770048,16000,2048,18388.171875,0.0,0.006100745406001806,80704.37829168752,9,-6.218844744814585
-6.140939179731044,-6.156611442565918,33794048,16500,2048,18737.2734375,0.0,0.00615661172196269,87483.15464099293,9,-6.147095791453006
-6.179003400972844,-6.059234142303467,34818048,17000,2048,18998.947265625,0.0,0.006059234496206045,59563.88905521882,9,-6.18506263546905
-6.474506471042056,-6.326320648193359,35842048,17500,2048,19373.267578125,0.0,0.006326321046799421,129434.2618433884,9,-6.480832792088855
-6.123997150078696,-6.187752723693848,36866048,18000,2048,19740.525390625,0.0,0.006187752820551395,105784.85370693463,10,-6.130184902899248
-6.396362588832474,-6.270122528076172,37890048,18500,2048,20134.42578125,0.0,0.006270122714340687,113111.80974434451,10,-6.402632711546815
-6.663898601648056,-6.383517265319824,38914048,19000,2048,20508.751953125,0.0,0.006383517757058144,123767.75096774654,10,-6.6702821194051145
-6.2909387251570825,-6.080604076385498,39938048,19500,2048,20805.794921875,0.0,0.006080604158341885,105740.33540995361,11,-6.297019329315424
-6.129559205791695,-6.082581043243408,40962048,20000,2048,21212.23046875,0.0,0.006082581356167793,94661.93474606395,11,-6.135641787147863
-6.5610739209109425,-6.439855575561523,41986048,20500,2048,21607.1875,0.0,0.0064398557879030704,150435.98196421145,11,-6.567513776698846
-6.2166492315053725,-6.224785804748535,43010048,21000,2048,21967.560546875,0.0,0.006224785931408405,119243.93440177248,11,-6.222874017436781
-6.666881598015575,-6.47835636138916,44034048,21500,2048,22365.484375,0.0,0.006478356663137674,135391.29883136097,12,-6.673359954678713
-6.00777332160615,-6.277342319488525,45058048,22000,2048,22771.302734375,0.0,0.006277342792600393,132730.4796124905,12,-6.01405066439875
-6.636687586322733,-6.423981666564941,46082048,22500,2048,23126.31640625,0.0,0.006423981860280037,154981.14971184422,12,-6.643111568183013
-6.339797059887285,-6.178213119506836,47106048,23000,2048,23465.4765625,0.0,0.006178213283419609,144315.97824536392,13,-6.345975273170705
-6.320912584314982,-6.374929428100586,48130048,23500,2048,23871.412109375,0.0,0.006374929565936327,166491.79790393997,13,-6.327287513880918
-6.457825938332762,-6.337721824645996,49154048,24000,2048,24223.58984375,0.0,0.006337722297757864,86670.0747519632,13,-6.46416366063052
-6.579695123098645,-6.502246856689453,50178048,24500,2048,24665.59375,0.0,0.006502246949821711,178071.7081785248,13,-6.586197370048467
-6.776798456777135,-6.545441627502441,51202048,25000,2048,25038.076171875,0.0,0.006545442156493664,211765.48420384718,14,-6.783343898933628
-6.725477660466865,-6.597140789031982,52226048,25500,2048,25441.09375,0.0,0.006597141269594431,197176.08497214882,14,-6.732074801736459
-6.29919730947266,-6.416106700897217,53250048,26000,2048,25805.5390625,0.0,0.006416107062250376,148968.59021481063,14,-6.305613416534911
-6.429319408522776,-6.467414855957031,54274048,26500,2048,26187.8125,0.0,0.006467415019869804,187346.1104725878,14,-6.435786823542646
-6.427725763001015,-6.481672286987305,55298048,27000,2048,26605.6015625,0.0,0.006481672637164593,204666.38275358372,15,-6.4342074356381795
-6.646210066285669,-6.609096527099609,56322048,27500,2048,27022.94140625,0.0,0.00660909665748477,196716.41094898147,15,-6.652819162943154
-5.1655447865924895,-6.68001651763916,57346048,28000,2048,27434.57421875,0.0,0.0066800168715417385,214882.48129315575,15,-5.172224803464031
-6.771084589081031,-6.6060404777526855,58370048,28500,2048,27831.23046875,0.0,0.0066060409881174564,269319.4470415899,16,-6.777690630069149
-6.885760579781832,-6.6411285400390625,59394048,29000,2048,28250.65234375,0.0,0.006641129031777382,224569.93273080108,16,-6.892401708813609
-6.676624985444533,-6.716158390045166,60418048,29500,2048,28607.232421875,0.0,0.006716158706694841,215956.517251167,16,-6.683341144151228
-6.821303166519947,-6.661671161651611,61442048,30000,2048,28958.947265625,0.0,0.006661671679466963,218795.79583382822,16,-6.827964838199414
-6.555444639779983,-6.541872024536133,62466048,30500,2048,29301.712890625,0.0,0.006541872397065163,133105.9705308249,17,-6.561986512177048
-6.543472996904127,-6.604130744934082,63490048,31000,2048,29643.62109375,0.0,0.00660413084551692,186317.09396848796,17,-6.550077127749644
-6.813493898555654,-6.844602108001709,64514048,31500,2048,29946.060546875,0.0,0.006844602525234222,186117.69266389744,17,-6.820338501080888
-6.744431627243472,-6.6512651443481445,65538048,32000,2048,30266.396484375,0.0,0.006651265546679497,210548.5292842946,18,-6.751082892790151
-6.7960297661314115,-6.7505621910095215,66562048,32500,2048,30565.4453125,0.0,0.006750562693923712,306076.58770454314,18,-6.802780328825335
-6.48100794582,-6.765595436096191,67586048,33000,2048,30869.359375,0.0,0.0067655956372618675,153060.15215917103,18,-6.487773541457262
-6.63543397532089,-6.396845817565918,68610048,33500,2048,31135.5234375,0.0,0.006396845914423466,232142.648374264,18,-6.641830821235313
-6.313960913757327,-6.5954413414001465,69634048,34000,2048,31528.337890625,0.0,0.006595441605895758,99741.35799835673,19,-6.320556355363223
-6.724920479157099,-6.66818904876709,70658048,34500,2048,31800.591796875,0.0,0.006668189540505409,258029.61025719804,19,-6.731588668697604
-6.504206090815188,-6.687195777893066,71682048,35000,2048,32085.337890625,0.0,0.006687195971608162,240782.6966107697,19,-6.510893286786796
-6.621624279517045,-6.7331647872924805,72706048,35500,2048,32363.248046875,0.0,0.006733165122568607,206508.46922309397,20,-6.628357444639613
-6.824224634057698,-6.592512130737305,73730048,36000,2048,32628.4921875,0.0,0.006592512596398592,286764.1211685267,20,-6.830817146654097
-7.108123976703158,-6.868629455566406,74754048,36500,2048,32899.38671875,0.0,0.006868629716336727,391671.5868281629,20,-7.114992606419495
-6.731556952794603,-6.6990861892700195,75778048,37000,2048,33085.48828125,0.0,0.006699086632579565,293256.9531585729,20,-6.738256039427182
-6.654784375176019,-6.795314788818359,76802048,37500,2048,33342.51953125,0.0,0.006795315071940422,303127.3233349313,21,-6.66157969024796
-6.933534632476061,-6.794999599456787,77826048,38000,2048,33562.35546875,0.0,0.006794999819248915,288426.99091983796,21,-6.94032963229531
-7.033076713186482,-6.903044700622559,78850048,38500,2048,33763.546875,0.0,0.006903044879436493,339137.7432036932,21,-7.039979758065918
-6.587043020358129,-6.668793201446533,79874048,39000,2048,33987.05859375,0.0,0.006668793503195047,322707.8893939161,22,-6.593711813861324
-7.063366767511358,-6.89786434173584,80898048,39500,2048,34239.046875,0.0,0.006897864863276482,333132.94164849404,22,-7.070264632374634
-6.915608403050626,-6.874224662780762,81922048,40000,2048,34432.3203125,0.0,0.006874225102365017,342668.673818432,22,-6.922482628152991
-6.957878479862,-6.9568257331848145,82946048,40500,2048,34614.01171875,0.0,0.006956825964152813,344147.09145965753,22,-6.964835305826153
-6.526592468136574,-6.885348320007324,83970048,41000,2048,34824.37890625,0.0,0.006885348819196224,133556.72343488922,23,-6.53347781695577
-6.969319439759264,-7.033127784729004,84994048,41500,2048,35019.34375,0.0,0.0070331282913684845,318083.0407122644,23,-6.976352568050633
-6.953935405863231,-6.876526832580566,86018048,42000,2048,35188.87890625,0.0,0.006876527331769466,318649.2121688171,23,-6.960811933195
-7.020975472838357,-6.8513288497924805,87042048,42500,2048,35411.609375,0.0,0.006851329002529383,370742.276586602,24,-7.027826801840886
-6.8476699961501115,-6.8839497566223145,88066048,43000,2048,35581.6953125,0.0,0.006883949972689152,297210.65613787086,24,-6.854553946122801
-6.977835964753615,-6.86790657043457,89090048,43500,2048,35758.703125,0.0,0.0068679070100188255,295157.9579782495,24,-6.984703871763633
-6.867946787279272,-6.818066596984863,90114048,44000,2048,35930.05078125,0.0,0.006818066816776991,333733.66788841644,24,-6.874764854096049
-7.272733839412755,-7.170368671417236,91138048,44500,2048,36099.0859375,0.0,0.007170368917286396,347055.81160573475,25,-7.279904208330041
-6.596517162674594,-6.348475456237793,92162048,45000,2048,36579.26171875,0.0,0.006348475813865662,77588.03435917373,25,-6.60286563848846
-6.99061566112983,-6.996760845184326,93186048,45500,2048,36804.92578125,0.0,0.006996761076152325,307536.02924002934,25,-6.997612422205982
-7.135204644449974,-6.9852399826049805,94210048,46000,2048,36947.53125,0.0,0.006985240150243044,359986.8337737243,26,-7.142189884600217
-7.200974582423903,-7.032522678375244,95234048,46500,2048,37136.54296875,0.0,0.0070325229316949844,409461.6506127489,26,-7.208007105355598
-7.041236496942355,-6.952265739440918,96258048,47000,2048,37279.92578125,0.0,0.006952266208827496,351947.74403411953,26,-7.048188763151183
-7.023930333382694,-7.034787178039551,97282048,47500,2048,37409.10546875,0.0,0.007034787442535162,349190.79058704764,26,-7.030965120825229
-5.93190358629845,-5.489168167114258,98306048,48000,2048,37610.89453125,0.0,0.005489168222993612,8611.692496586924,27,-5.9373927545214435
-6.973397014687653,-6.909418106079102,99330048,48500,2048,37810.16796875,0.0,0.006909418385475874,387705.49966985267,27,-6.980306433073129
-7.316187604571596,-7.1151275634765625,100354048,49000,2048,37931.12109375,0.0,0.007115127984434366,367393.96243106225,27,-7.32330273255603
-6.284551444103622,-6.423128128051758,101378048,49500,2048,38048.68359375,0.0,0.006423128303140402,44312.74763402468,27,-6.290974572406762
-7.013117380924681,-7.094099044799805,102402048,50000,2048,38203.33984375,0.0,0.007094099186360836,331333.56988833833,28,-7.020211480111042
-6.978416975852152,-6.932812690734863,103426048,50500,2048,38303.65234375,0.0,0.006932813208550215,345183.93731726566,28,-6.985349789060702
-7.155644605514009,-7.023950576782227,104450048,51000,2048,38426.453125,0.0,0.007023951038718224,356115.9568633662,28,-7.1626685565527275
-6.795645435799596,-6.951584339141846,105474048,51500,2048,38570.9296875,0.0,0.006951584480702877,351284.1902893598,29,-6.802597020280299
-6.877816553538777,-6.980960845947266,106498048,52000,2048,38689.05078125,0.0,0.006980961188673973,402046.31054642826,29,-6.884797514727451
-6.872932775887062,-6.950809478759766,107522048,52500,2048,38859.81640625,0.0,0.006950809620320797,343848.9835082711,29,-6.8798835855073825
-7.078017074882611,-6.942315101623535,108546048,53000,2048,39100.0,0.0,0.0069423154927790165,349326.5910464821,29,-7.08495939037539
-6.503940701191604,-6.771693229675293,109570048,53500,2048,39192.37890625,0.0,0.006771693471819162,327107.74813133234,30,-6.5107123946634236
-7.041489627914713,-6.954935550689697,110594048,54000,2048,39317.00390625,0.0,0.006954935844987631,341695.9882431226,30,-7.0484445637597
-7.0694367537508445,-7.043463230133057,111618048,54500,2048,39442.8671875,0.0,0.00704346364364028,419191.54669974913,30,-7.076480217394485
-7.048850355817232,-7.012599468231201,112642048,55000,2048,39566.32421875,0.0,0.007012599613517523,384015.1402183622,31,-7.05586295543075
-6.909975798589606,-6.914388656616211,113666048,55500,2048,39690.28125,0.0,0.006914388854056597,360927.53565617773,31,-6.916890187443663
-5.88884751922586,-5.475929260253906,114690048,56000,2048,39860.78125,0.0,0.005475929472595453,10639.712643841583,31,-5.894323448698455
-6.771160170734911,-6.665604591369629,115714048,56500,2048,40036.38671875,0.0,0.006665605120360851,232898.00300226832,31,-6.777825775855272
-6.803108349323672,-6.811565399169922,116738048,57000,2048,40136.08984375,0.0,0.0068115657195448875,433220.44622057176,32,-6.809919915043217
-7.221295138238284,-7.045124053955078,117762048,57500,2048,40237.67578125,0.0,0.007045124191790819,390962.0918866248,32,-7.228340262430075
-7.088771362844932,-6.937366485595703,118786048,58000,2048,40339.73828125,0.0,0.006937366910278797,354437.63758080004,32,-7.095708729755211
-7.366129231734801,-7.138909339904785,119810048,58500,2048,40445.66796875,0.0,0.00713890977203846,376754.43597998784,33,-7.3732681415068395
-7.124718794684357,-7.041860580444336,120834048,59000,2048,40539.6328125,0.0,0.0070418608374893665,311327.7323410568,33,-7.1317606555218465
-7.115944405917,-7.085102081298828,121858048,59500,2048,40637.92578125,0.0,0.0070851026102900505,411151.82417995925,33,-7.12302950852729
-6.798441573409556,-6.882623195648193,122882048,60000,2048,40793.734375,0.0,0.006882623303681612,301210.61134895065,33,-6.805324196713237
-7.2245115277320435,-7.128515243530273,123906048,60500,2048,40887.17578125,0.0,0.007128515746444464,431955.0216276531,34,-7.231640043478488
-7.004244154616242,-6.927394866943359,124930048,61000,2048,40960.9765625,0.0,0.006927395239472389,417946.98483238934,34,-7.011171549855715
-7.130881654373908,-7.0117316246032715,125954048,61500,2048,41057.53515625,0.0,0.0070117320865392685,349680.4482018863,34,-7.137893386460448
-6.9989988304206765,-7.079653739929199,126978048,62000,2048,41168.6875,0.0,0.007079653907567263,350839.7878721638,35,-7.006078484328244
-6.971844376532919,-6.87908411026001,128002048,62500,2048,41299.390625,0.0,0.006879084277898073,306195.8646651759,35,-6.9787234608108175
-6.728960367531062,-6.918994903564453,129026048,63000,2048,41413.109375,0.0,0.006918995175510645,376889.507690897,35,-6.735879362706573
-6.991803750330574,-6.801395416259766,130050048,63500,2048,41475.04296875,0.0,0.0068013956770300865,388015.8564080446,35,-6.998605146007604
-7.244273061321454,-7.095542907714844,131074048,64000,2048,41627.78125,0.0,0.007095543202012777,462877.5502000897,36,-7.251368604523467
-7.458442412295144,-7.178645610809326,132098048,64500,2048,41706.7109375,0.0,0.007178646046668291,497896.89189973957,36,-7.465621058341812
-7.22637408076422,-7.137188911437988,133122048,65000,2048,41779.40234375,0.0,0.007137189153581858,346481.02373298653,36,-7.233511269917802
-6.9753931727765135,-6.990052700042725,134146048,65500,2048,41888.25390625,0.0,0.006990053225308657,414035.3116168471,37,-6.982383226001822
-6.9846131915404435,-6.9792680740356445,135170048,66000,2048,42024.765625,0.0,0.0069792685098946095,370317.34795107157,37,-6.991592460050338
-7.106851195852593,-7.037730693817139,136194048,66500,2048,42160.94140625,0.0,0.007037730887532234,431045.6685402997,37,-7.113888926740125
-7.0028598420402215,-7.050981521606445,137218048,67000,2048,42237.6015625,0.0,0.007050981745123863,431472.39077304635,37,-7.009910823785345
-7.07480118761865,-7.011434555053711,138242048,67500,2048,42304.015625,0.0,0.007011434994637966,370536.4288679372,38,-7.081812622613288
-7.031255199345921,-7.061016082763672,139266048,68000,2048,42384.1171875,0.0,0.007061016280204058,298599.8220722095,38,-7.038316215626125
-7.370139510619351,-7.25800895690918,140290048,68500,2048,42535.8125,0.0,0.007258009165525436,415183.01858469687,38,-7.377397519784877
-7.099384535727426,-6.968602657318115,141314048,69000,2048,42618.15234375,0.0,0.006968603003770113,422612.68408643384,39,-7.106353138731196
-7.024243351292431,-6.9951677322387695,142338048,69500,2048,42667.1015625,0.0,0.006995168048888445,313885.7808776392,39,-7.031238519341319
-7.0750932922589,-7.110139846801758,143362048,70000,2048,42745.5546875,0.0,0.007110140286386013,469995.14474364347,39,-7.082203432545286
-7.0306944773455164,-7.086839199066162,144386048,70500,2048,42809.828125,0.0,0.007086839526891708,450140.70697141427,39,-7.037781316872408
-6.91839780955761,-6.850215911865234,145410048,71000,2048,42883.73046875,0.0,0.006850216072052717,231200.11615934642,40,-6.925248025629663
-7.230302756053312,-6.985930919647217,146434048,71500,2048,42974.32421875,0.0,0.006985931191593409,342150.03310289886,40,-7.237288687244906
-7.086692813261569,-6.996044158935547,147458048,72000,2048,43059.3125,0.0,0.006996044423431158,432375.17289266805,40,-7.093688857685001
-7.01840988643177,-7.036564350128174,148482048,72500,2048,43122.0625,0.0,0.007036564871668816,443993.7615367531,41,-7.025446451303439
-7.073243635699576,-7.007700443267822,149506048,73000,2048,43194.3671875,0.0,0.007007700856775045,418204.12251047336,41,-7.080251336556351
-7.237169016062161,-7.007728576660156,150530048,73500,2048,43259.60546875,0.0,0.007007728796452284,419576.87640654354,41,-7.244176744858613
-7.1953049201064765,-7.233945369720459,151554048,74000,2048,43328.30078125,0.0,0.007233945652842522,477003.1522492516,41,-7.202538865759319
-7.39046914633581,-7.210832118988037,152578048,74500,2048,43395.796875,0.0,0.007210832554847002,478980.86999486806,42,-7.397679978890657
-7.045821307095498,-7.027111053466797,153602048,75000,2048,43459.1171875,0.0,0.007027111481875181,398889.255818874,42,-7.052848418577373
-7.135614880891719,-7.06812858581543,154626048,75500,2048,43549.16796875,0.0,0.007068128790706396,518163.9192158446,42,-7.142683009682425
-7.312056086346363,-7.131533622741699,155650048,76000,2048,43634.91015625,0.0,0.0071315341629087925,445886.53322419187,42,-7.319187620509272
-7.377487037885555,-7.282246112823486,156674048,76500,2048,43740.23828125,0.0,0.007282246369868517,505878.47983827733,43,-7.384769284255423
-6.880838320041401,-6.868439674377441,157698048,77000,2048,43839.7578125,0.0,0.006868440192192793,353978.00415314606,43,-6.887706760233594
-7.336016882078658,-7.191404819488525,158722048,77500,2048,43917.17578125,0.0,0.007191405165940523,394639.0423195801,43,-7.3432082872445985
-7.182493548987006,-7.154889106750488,159746048,78000,2048,44064.58203125,0.0,0.007154889404773712,451171.8869131439,44,-7.18964843839178
-7.351083373972711,-7.310460090637207,160770048,78500,2048,44168.48828125,0.0,0.0073104603216052055,487403.5256278862,44,-7.358393834294316
-7.0268882173959835,-6.931679725646973,161794048,79000,2048,44237.3046875,0.0,0.006931680254638195,406268.3996436065,44,-7.033819897650622
-7.157992498208106,-7.156872749328613,162818048,79500,2048,44312.68359375,0.0,0.007156873121857643,399104.6381815678,44,-7.165149371329964
-7.20313690163487,-7.069601535797119,163842048,80000,2048,44394.09375,0.0,0.0070696016773581505,438165.5518722285,45,-7.210206503312228
-7.2922188962101835,-7.426706314086914,164866048,80500,2048,44460.4921875,0.0,0.007426706608384848,242022.9134775069,45,-7.299645602818568
-7.000277906743851,-7.0618391036987305,165890048,81000,2048,44636.921875,0.0,0.007061839569360018,365584.73042193445,45,-7.007339746313211
-7.246519073174002,-7.111486911773682,166914048,81500,2048,44714.2578125,0.0,0.007111487444490194,417382.2472826794,46,-7.253630560618492
-7.373988485925805,-7.151848793029785,167938048,82000,2048,44774.2890625,0.0,0.00715184910222888,445133.15494328004,46,-7.381140335028034
-7.158907901779929,-7.146092414855957,168962048,82500,2048,44877.828125,0.0,0.007146092597395182,478598.7620415269,46,-7.166053994377324
-6.623414571536563,-6.844478607177734,169986048,83000,2048,44948.2265625,0.0,0.006844479124993086,167645.34557698638,46,-6.630259050661556
-7.4093547591549695,-7.349926948547363,171010048,83500,2048,45029.39453125,0.0,0.007349927444010973,446627.4803712019,47,-7.4167046865989805
-7.343855461852389,-7.197370529174805,172034048,84000,2048,45135.171875,0.0,0.007197370752692223,388395.0651944958,47,-7.351052832605081
-7.206078682815916,-7.175806522369385,173058048,84500,2048,45187.50390625,0.0,0.007175806909799576,476277.87405272,47,-7.213254489725715
-7.414393340503181,-7.136379718780518,174082048,85000,2048,45276.2734375,0.0,0.007136379834264517,481239.74876934756,48,-7.421529720337445
-7.334093388174319,-7.243268013000488,175106048,85500,2048,45399.8515625,0.0,0.007243268191814423,502315.10276084224,48,-7.341336656366133
-7.133273450590536,-7.137925148010254,176130048,86000,2048,45522.09375,0.0,0.007137925364077091,407595.5334665503,48,-7.1404113759546135
-7.146969335702758,-7.117927074432373,177154048,86500,2048,45621.16796875,0.0,0.00711792754009366,257685.87310968759,48,-7.154087263242852
-1.9430406159337843,-7.2065629959106445,178178048,87000,2048,45698.9296875,0.0,0.007206563372164965,466933.9499686487,49,-1.9502471793059493
-6.867161499680339,-6.953436851501465,179202048,87500,2048,45794.7734375,0.0,0.0069534373469650745,319839.37154228985,49,-6.874114937027304
-6.864034124683705,-6.612091064453125,180226048,88000,2048,45909.0546875,0.0,0.006612091325223446,105605.05091902819,49,-6.870646216008929
-7.227733167358043,-7.1861162185668945,181250048,88500,2048,45977.40625,0.0,0.007186116650700569,403309.873173267,50,-7.234919284008743
-6.9074256094072055,-6.936956405639648,182274048,89000,2048,46047.3671875,0.0,0.006936956662684679,207343.76084331944,50,-6.91436256606989
-7.349788011750467,-7.266013145446777,183298048,89500,2048,46160.8203125,0.0,0.007266013417392969,459327.53418872814,50,-7.35705402516786
-7.308730404726063,-7.28144645690918,184322048,90000,2048,46220.50390625,0.0,0.0072814468294382095,421193.39925420703,50,-7.316011851555501
-7.282408455140546,-7.22065544128418,185346048,90500,2048,46295.15625,0.0,0.007220655679702759,489153.8807131372,51,-7.289629110820249
-7.181285159979619,-7.130491256713867,186370048,91000,2048,46361.0,0.0,0.0071304915472865105,322465.34207680274,51,-7.188415651526905
-7.272287267057774,-7.268908500671387,187394048,91500,2048,46459.73828125,0.0,0.007268908899277449,394003.64781069884,51,-7.279556175957051
-7.405754764636075,-7.220568656921387,188418048,92000,2048,46518.109375,0.0,0.0072205690667033195,462725.26831293735,52,-7.412975333702779
-7.316686805598511,-7.095324516296387,189442048,92500,2048,46624.87109375,0.0,0.00709532480686903,443825.99601081247,52,-7.32378213040538
-7.27442710895801,-7.062291622161865,190466048,93000,2048,46689.36328125,0.0,0.007062291726469994,424869.14334378944,52,-7.28148940068448
-7.383380839725014,-7.301617622375488,191490048,93500,2048,46743.8984375,0.0,0.007301617879420519,512066.50492005167,52,-7.390682457604434
-7.505191481188366,-7.200972557067871,192514048,94000,2048,46854.51953125,0.0,0.007200973108410835,332971.69641128724,53,-7.512392454296777
-7.113319389093362,-7.1735687255859375,193538048,94500,2048,46920.3125,0.0,0.007173568941652775,455923.2911972931,53,-7.1204929580350145
-7.407885431959446,-7.2557172775268555,194562048,95000,2048,46970.34375,0.0,0.007255717646330595,523615.74536344106,53,-7.415141149605777
-7.706709791859035,-7.47783899307251,195586048,95500,2048,47053.18359375,0.0,0.0074778394773602486,543525.7043620418,54,-7.7141876313363955
-7.070350387005856,-7.125751495361328,196610048,96000,2048,47125.0,0.0,0.007125752046704292,443904.3314174178,54,-7.0774761390525605
-7.097050153254452,-7.243874549865723,197634048,96500,2048,47209.6015625,0.0,0.007243874948471785,533268.093822903,54,-7.104294028202924
-7.134632914385504,-7.026261329650879,198658048,97000,2048,47289.43359375,0.0,0.007026261650025845,481483.3563197466,54,-7.14165917603553
-7.309786317324034,-7.199008941650391,199682048,97500,2048,47386.859375,0.0,0.0071990094147622585,458637.6162934863,55,-7.316985326738796
-7.18508158524607,-7.059639930725098,200706048,98000,2048,47453.01171875,0.0,0.007059640251100063,397937.1545014859,55,-7.19214122549717
-6.873342609705272,-7.135352611541748,201730048,98500,2048,47588.51953125,0.0,0.007135353051126003,425326.0870267743,55,-6.880477962756398
-7.258799415726238,-7.114969253540039,202754048,99000,2048,47649.70703125,0.0,0.007114969659596682,467524.7858706163,55,-7.265914385385835
-7.466127283262844,-7.283449172973633,203778048,99500,2048,47733.71875,0.0,0.00728344963863492,456587.76391039777,56,-7.4734107329014785
-7.413196975092381,-7.274868965148926,204802048,100000,2048,47781.66796875,0.0,0.007274869363754988,524642.6519907572,56,-7.420471844456136
-7.367759600989066,-6.988820552825928,205826048,100500,2048,47899.47265625,0.0,0.00698882108554244,235100.25990416517,56,-7.3747484220746085
-7.368698644985262,-7.327640533447266,206850048,101000,2048,47971.49609375,0.0,0.007327640894800425,463572.73617184226,57,-7.376026285880062
-7.41509960052572,-7.272684097290039,207874048,101500,2048,48036.55859375,0.0,0.00727268448099494,449238.3663081137,57,-7.422372285006715
-7.1890467598742855,-7.091197490692139,208898048,102000,2048,48088.2890625,0.0,0.0070911976508796215,440426.9617892335,57,-7.196137957525165
-7.002463535829163,-7.081466197967529,209922048,102500,2048,48171.93359375,0.0,0.007081466726958752,414604.5791858066,57,-7.009545002556122
-7.747426028238523,-7.583050727844238,210946048,103000,2048,48247.96484375,0.0,0.007583050988614559,570827.4658147364,58,-7.755009079227138
-7.250133684581587,-7.164817810058594,211970048,103500,2048,48352.83203125,0.0,0.007164818234741688,365838.2318086481,58,-7.257298502816329
-7.309595263509366,-7.23090934753418,212994048,104000,2048,48413.48828125,0.0,0.007230909541249275,427035.9972065778,58,-7.3168261730506154
-7.152905175558297,-7.31591796875,214018048,104500,2048,48487.06640625,0.0,0.0073159183375537395,490544.283316637,59,-7.160221093895851
-7.2888759841322734,-7.24964714050293,215042048,105000,2048,48564.3828125,0.0,0.007249647285789251,408244.6608737522,59,-7.296125631418063
-7.0012124840603125,-7.091329574584961,216066048,105500,2048,48635.95703125,0.0,0.007091329898685217,296885.89449911995,59,-7.008303813958998
-7.576086648945165,-7.314868927001953,217090048,106000,2048,48710.92578125,0.0,0.007314869202673435,461655.0785664743,59,-7.583401518147839
-7.20372559742856,-7.2276153564453125,218114048,106500,2048,48764.21875,0.0,0.007227615918964148,424145.8754141769,60,-7.2109532133475245
-7.531639643055042,-7.277316570281982,219138048,107000,2048,48849.1953125,0.0,0.007277316879481077,505552.2001029486,60,-7.538916959934523
-7.455890603322276,-7.336402893066406,220162048,107500,2048,48908.53515625,0.0,0.007336403243243694,479971.95748572424,60,-7.4632270065655195
-7.120446408089537,-7.037485599517822,221186048,108000,2048,49010.94140625,0.0,0.00703748594969511,489150.99753416923,61,-7.127483894039232
-7.295402460395309,-7.284624099731445,222210048,108500,2048,49068.19140625,0.0,0.0072846245020627975,480458.26680016064,61,-7.3026870848973715
-7.44443581351696,-7.423396587371826,223234048,109000,2048,49117.9609375,0.0,0.0074233971536159515,544798.8974644009,61,-7.451859210670576
-7.240997238352001,-7.131749153137207,224258048,109500,2048,49172.6015625,0.0,0.007131749298423529,462591.8533660817,61,-7.248128987650425
-7.236713036155082,-7.301605224609375,225282048,110000,2048,49262.79296875,0.0,0.007301605772227049,463120.1359891928,62,-7.2440146419273095
-7.185255053491806,-7.179139137268066,226306048,110500,2048,49365.125,0.0,0.007179139647632837,418045.58629999275,62,-7.192434193139439
-7.192580453467284,-7.0680437088012695,227330048,111000,2048,49438.890625,0.0,0.007068044040352106,495883.55668072385,62,-7.199648497507636
-7.316005102568246,-7.226781845092773,228354048,111500,2048,49512.48046875,0.0,0.007226782385259867,566746.8413633751,63,-7.323231884953506
-7.482883192361556,-7.393767356872559,229378048,112000,2048,49587.02734375,0.0,0.007393767591565847,528652.0127819737,63,-7.490276959953122
-7.505036520530066,-7.3771820068359375,230402048,112500,2048,49687.05859375,0.0,0.007377182133495808,526930.8208476957,63,-7.512413702663562
-6.951360419345651,-7.118460655212402,231426048,113000,2048,49738.95703125,0.0,0.007118461187928915,431420.76029825705,63,-6.95847888053358
-7.330991706600657,-7.127285480499268,232450048,113500,2048,49813.77734375,0.0,0.007127285934984684,415976.6727394444,64,-7.338118992535642
-7.174328877939606,-7.209166526794434,233474048,114000,2048,49860.78515625,0.0,0.007209166884422302,560026.1705705663,64,-7.181538044824029
-7.363867201683677,-7.247084140777588,234498048,114500,2048,49958.08203125,0.0,0.0072470842860639095,609034.1610966256,64,-7.371114285969741
-7.496599950834452,-7.237822532653809,235522048,115000,2048,50031.34375,0.0,0.007237822748720646,481570.7002490291,65,-7.5038377735831725
-7.42499094845095,-7.272300720214844,236546048,115500,2048,50091.26953125,0.0,0.0072723012417554855,580775.3400324485,65,-7.4322632496927055
-7.51295334236057,-7.314741611480713,237570048,116000,2048,50154.2734375,0.0,0.007314742077142,677240.1302369314,65,-7.520268084437712
-7.519452557744878,-7.391767501831055,238594048,116500,2048,50227.62109375,0.0,0.007391768041998148,587493.6917879966,65,-7.526844325786876
-7.379515513745398,-7.37943172454834,239618048,117000,2048,50286.359375,0.0,0.007379432208836079,511872.3359102651,66,-7.386894945954234
-7.324564602965397,-7.104371070861816,240642048,117500,2048,50344.77734375,0.0,0.0071043712086975574,525197.5359296179,66,-7.331668974174095
-7.346963031798905,-7.329266548156738,241666048,118000,2048,50513.15234375,0.0,0.007329266984015703,553905.730248259,66,-7.354292298782921
-7.544804381319169,-7.47042179107666,242690048,118500,2048,50558.09765625,0.0,0.007470421958714724,481481.53822734486,67,-7.552274803277884
-7.6071370279514925,-7.451756477355957,243714048,119000,2048,50606.84765625,0.0,0.0074517568573355675,593327.1290002735,67,-7.614588784808828
-7.453512358821562,-7.244085311889648,244738048,119500,2048,50657.4921875,0.0,0.007244085427373648,548591.9388116022,67,-7.460756444248935
-6.55769038851194,-6.9652204513549805,245762048,120000,2048,50732.87109375,0.0,0.006965220905840397,477241.9951107395,67,-6.56465560941778
-7.3634628806259625,-7.246067523956299,246786048,120500,2048,50808.203125,0.0,0.007246067747473717,584802.2740467564,68,-7.370708948373436
-7.103694177877337,-7.363272190093994,247810048,121000,2048,50887.41015625,0.0,0.007363272365182638,449303.3427058633,68,-7.1110574502425195
-7.389325169685132,-7.378844738006592,248834048,121500,2048,50937.76171875,0.0,0.007378845009952784,473054.54646368267,68,-7.396704014695085
-7.491031282038694,-7.409063339233398,249858048,122000,2048,50993.22265625,0.0,0.007409063633531332,422566.4740429501,69,-7.4984403456722255
-7.296209077832984,-7.452428340911865,250882048,122500,2048,51066.77734375,0.0,0.0074524288065731525,490707.01160382247,69,-7.303661506639557
-7.515277140491716,-7.392822265625,251906048,123000,2048,51132.984375,0.0,0.0073928227648139,745388.9572293449,69,-7.52266996325653
-7.710608382900986,-7.458826065063477,252930048,123500,2048,51192.83984375,0.0,0.007458826526999474,534344.7961269212,69,-7.718067209427986
-7.630726438477879,-7.41644287109375,253954048,124000,2048,51244.4921875,0.0,0.007416443433612585,549966.2360402597,70,-7.638142881911492
-7.4083598964430895,-7.287748336791992,254978048,124500,2048,51342.578125,0.0,0.007287748623639345,617946.6315043858,70,-7.415647645066729
-7.266220142066484,-7.266587734222412,256002048,125000,2048,51392.04296875,0.0,0.007266588043421507,516769.94899987464,70,-7.273486730109905
-6.783818022482324,-7.309408187866211,257026048,125500,2048,51482.71875,0.0,0.007309408392757177,508036.70023553155,70,-6.791127430875081
-7.670195459163862,-7.529038429260254,258050048,126000,2048,51538.90234375,0.0,0.0075290389358997345,699470.078833046,71,-7.677724498099762
-7.626209428108737,-7.3779754638671875,259074048,126500,2048,51586.6640625,0.0,0.00737797562032938,548936.1456516134,71,-7.6335874037290665
-7.264377467982536,-7.307303428649902,260098048,127000,2048,51657.78125,0.0,0.007307303603738546,432166.9031824692,71,-7.2716847715862745
-7.449026781074378,-7.451945781707764,261122048,127500,2048,51728.85546875,0.0,0.007451945915818214,787148.6340355737,72,-7.456478726990197
-7.509014213004026,-7.3653883934021,262146048,128000,2048,51780.30078125,0.0,0.007365388795733452,694900.329679292,72,-7.516379601799759
-7.36777576386171,-7.330498695373535,263170048,128500,2048,51869.51953125,0.0,0.0073304991237819195,657949.0365145796,72,-7.375106262985492
-7.709174161175186,-7.545378684997559,264194048,129000,2048,51928.40234375,0.0,0.007545378990471363,669766.6350957754,72,-7.716719540165657
-7.293173168938397,-7.382380485534668,265218048,129500,2048,51997.17578125,0.0,0.007382380776107311,507651.7566024196,73,-7.300555549714504
-7.532950392722833,-7.423603057861328,266242048,130000,2048,52050.12109375,0.0,0.007423603441566229,763519.1320653375,73,-7.5403739961644
-7.8068272148670985,-7.515810966491699,267266048,130500,2048,52111.1875,0.0,0.007515811361372471,702381.3591810372,73,-7.814343026228471
-7.668695154342217,-7.513172149658203,268290048,131000,2048,52199.4609375,0.0,0.007513172458857298,679637.0601159062,74,-7.676208326801074
-7.556237519520035,-7.362597942352295,269314048,131500,2048,52249.5703125,0.0,0.0073625980876386166,455435.0905459089,74,-7.563600117607674
-6.6836809278165585,-7.327049255371094,270338048,132000,2048,52295.359375,0.0,0.007327049504965544,300992.08576532337,74,-6.691007977321524
-7.247798312081347,-7.54233980178833,271362048,132500,2048,52342.54296875,0.0,0.007542340084910393,668219.5159397551,74,-7.255340652166257
-7.412729723009489,-7.344472885131836,272386048,133000,2048,52420.72265625,0.0,0.007344473153352737,707121.3992577605,75,-7.420074196162842
-7.850095255195896,-7.6031999588012695,273410048,133500,2048,52474.76953125,0.0,0.007603200152516365,589675.8321298793,75,-7.857698455348412
-7.621116360807392,-7.470556735992432,274434048,134000,2048,52526.37109375,0.0,0.007470557000488043,710930.6867793702,75,-7.62858691780788
-7.60375843234864,-7.503166198730469,275458048,134500,2048,52583.3359375,0.0,0.007503166329115629,667529.2257126244,76,-7.611261598677755
-7.5384552556431075,-7.437023162841797,276482048,135000,2048,52657.09375,0.0,0.007437023334205151,766010.9163888991,76,-7.545892278977313
-7.590845300879526,-7.518812656402588,277506048,135500,2048,52719.84375,0.0,0.0075188130140304565,632710.1914444445,76,-7.598364113893556
-7.614990030939154,-7.562662124633789,278530048,136000,2048,52771.58984375,0.0,0.007562662474811077,577340.5516472859,76,-7.622552693413965
-7.691959955692404,-7.580722808837891,279554048,136500,2048,52868.78515625,0.0,0.007580723147839308,737484.7396063681,77,-7.699540678840243
-7.633912398850386,-7.571516036987305,280578048,137000,2048,52926.12890625,0.0,0.0075715165585279465,644784.3950048642,77,-7.641483915408914
-7.419226721591633,-7.400979995727539,281602048,137500,2048,52995.48828125,0.0,0.007400980219244957,662700.2888341774,77,-7.426627701810878
-7.343592215000187,-7.324855327606201,282626048,138000,2048,53060.046875,0.0,0.007324855774641037,602437.2130283578,78,-7.350917070774828
-7.571801649048261,-7.513931751251221,283650048,138500,2048,53128.06640625,0.0,0.007513931952416897,699640.3809023737,78,-7.579315581000678
-7.672050139670562,-7.679032802581787,284674048,139000,2048,53176.640625,0.0,0.00767903309315443,750347.7237143004,78,-7.679729172763716
-7.5563058423305,-7.535086631774902,285698048,139500,2048,53250.8984375,0.0,0.007535086944699287,415514.5963047852,78,-7.563840929275199
-7.863966949850351,-7.722149848937988,286722048,140000,2048,53304.88671875,0.0,0.007722150068730116,671498.806594932,79,-7.871689099919081
-7.6175455215505465,-7.554624080657959,287746048,140500,2048,53364.81640625,0.0,0.007554624229669571,570689.4534661004,79,-7.625100145780216
-7.376966838123856,-7.478667259216309,288770048,141000,2048,53437.90625,0.0,0.007478667423129082,599314.5598153678,79,-7.384445505546985
-7.642755578058342,-7.4037699699401855,289794048,141500,2048,53479.95703125,0.0,0.007403770461678505,597428.9430762755,80,-7.65015934852002
-7.601903259583586,-7.507601261138916,290818048,142000,2048,53563.3828125,0.0,0.007507601752877235,691533.0196750006,80,-7.609410861336463
-7.47856155931037,-7.4215779304504395,291842048,142500,2048,53613.92578125,0.0,0.0074215782806277275,687192.5459890721,80,-7.485983137590997
-7.598463698075466,-7.505214691162109,292866048,143000,2048,53671.984375,0.0,0.007505215238779783,714409.9321369145,80,-7.605968913314245
-7.652354644085117,-7.536768913269043,293890048,143500,2048,53718.1640625,0.0,0.00753676937893033,554542.5219520804,81,-7.659891413464047
-7.720051094717739,-7.610586166381836,294914048,144000,2048,53779.81640625,0.0,0.00761058647185564,618707.6919759645,81,-7.727661681189595
-7.943470624219495,-7.631743431091309,295938048,144500,2048,53823.703125,0.0,0.0076317437924444675,810585.6566867454,81,-7.95110236801194
-8.097069233137649,-7.694549083709717,296962048,145000,2048,53897.1328125,0.0,0.007694549392908812,731860.868648391,82,-8.104763782530558
-7.497135545279917,-7.4237060546875,297986048,145500,2048,53953.1640625,0.0,0.007423706352710724,684940.5026676183,82,-7.504559251632628
-7.475926513990018,-7.359356880187988,299010048,146000,2048,54045.58203125,0.0,0.007359357085078955,581374.3033081199,82,-7.483285871075097
-7.6951612999952745,-7.639910697937012,300034048,146500,2048,54084.91796875,0.0,0.007639911025762558,789416.0332732075,82,-7.702801211021037
-7.51751171466627,-7.47832727432251,301058048,147000,2048,54134.515625,0.0,0.007478327490389347,762782.1546054702,83,-7.524990042156659
-7.499533386793857,-7.566191673278809,302082048,147500,2048,54185.44140625,0.0,0.00756619218736887,730250.0452920168,83,-7.507099578981226
-7.5494744316148825,-7.433077335357666,303106048,148000,2048,54242.08203125,0.0,0.007433077786117792,470954.51138981944,83,-7.556907509401
-7.365530565337201,-7.268694877624512,304130048,148500,2048,54306.4609375,0.0,0.007268695160746574,528438.503281285,83,-7.372799260497947
-7.515994478469112,-7.487664222717285,305154048,149000,2048,54360.18359375,0.0,0.0074876644648611546,510567.4151554418,84,-7.5234821429339735
-7.717268667205895,-7.614356994628906,306178048,149500,2048,54482.94921875,0.0,0.0076143573969602585,541732.6624762863,84,-7.724883024602855
-7.572382864280488,-7.559549808502197,307202048,150000,2048,54548.2734375,0.0,0.007559549994766712,518033.2586698552,84,-7.579942414275255
-7.349040266505779,-7.296043395996094,308226048,150500,2048,54597.19921875,0.0,0.007296043913811445,593543.3083704603,85,-7.35633631041959
-7.165801187189977,-7.729593276977539,309250048,151000,2048,54645.0859375,0.0,0.00772959366440773,398668.317262903,85,-7.173530780854385
-7.554625789408358,-7.445339202880859,310274048,151500,2048,54698.3359375,0.0,0.0074453395791351795,534020.950274431,85,-7.562071128987493
-7.5705206905106,-7.439661502838135,311298048,152000,2048,54751.09765625,0.0,0.007439661771059036,739897.2729737805,85,-7.577960352281659
-7.3944723198689735,-7.5121259689331055,312322048,152500,2048,54801.51953125,0.0,0.007512126117944717,752535.9836927046,86,-7.401984445986918
-7.832841300810335,-7.603887557983398,313346048,153000,2048,54854.17578125,0.0,0.007603887934237719,677282.8380519596,86,-7.840445188744573
-7.247252067030868,-7.283381462097168,314370048,153500,2048,54901.44921875,0.0,0.007283381652086973,341586.19926842704,86,-7.254535448682955
-7.673271971452115,-7.560331344604492,315394048,154000,2048,54977.09375,0.0,0.007560331840068102,664562.3274500337,87,-7.680832303292183
-7.327985495874524,-7.432039260864258,316418048,154500,2048,55051.59375,0.0,0.007432039827108383,395364.32163866574,87,-7.335417535701632
-7.281804742371081,-7.5199785232543945,317442048,155000,2048,55101.60546875,0.0,0.007519979029893875,456577.6726271822,87,-7.289324721400975
-7.721808571390244,-7.609791278839111,318466048,155500,2048,55183.46875,0.0,0.007609791588038206,640971.5964040852,87,-7.729418362978282
-7.223386663127782,-7.4229841232299805,319490048,156000,2048,55238.08984375,0.0,0.007422984577715397,616307.3564247477,88,-7.230809647705497
-7.72128529690144,-7.573235988616943,320514048,156500,2048,55288.78515625,0.0,0.007573236245661974,703196.9788914246,88,-7.728858533147102
-7.5724297894820864,-7.4990553855896,321538048,157000,2048,55356.42578125,0.0,0.007499055936932564,577616.7946029378,88,-7.579928845419019
-7.680803490949314,-7.538491725921631,322562048,157500,2048,55409.3203125,0.0,0.007538491860032082,619197.820749403,89,-7.688341982809346
-7.496963731949711,-7.551128387451172,323586048,158000,2048,55480.7109375,0.0,0.007551128976047039,502008.690758795,89,-7.504514860925758
-7.332455143252883,-7.400615692138672,324610048,158500,2048,55540.1328125,0.0,0.007400616072118282,671861.0820384444,89,-7.339855759325001
-7.621682867452643,-7.552999496459961,325634048,159000,2048,55603.7578125,0.0,0.0075530000030994415,606123.6177236862,89,-7.629235867455742
-7.568790869285971,-7.476073265075684,326658048,159500,2048,55670.95703125,0.0,0.007476073689758778,435566.98100768233,90,-7.57626694297573
-7.373808362745805,-7.3214430809021,327682048,160000,2048,55731.62109375,0.0,0.007321443408727646,417917.86602622835,90,-7.381129806154533
-7.462379785462858,-7.392339706420898,328706048,160500,2048,55795.09765625,0.0,0.007392339874058962,547424.4578873722,90,-7.469772125336917
-7.294860259925757,-7.503543853759766,329730048,161000,2048,55851.30859375,0.0,0.007503543980419636,514117.6650994433,91,-7.302363803906177
-7.310187488221198,-7.496175765991211,330754048,161500,2048,55892.4140625,0.0,0.007496176287531853,411061.5512869082,91,-7.3176836645087295
-7.074423083707132,-7.294881343841553,331778048,162000,2048,56064.3359375,0.0,0.007294881623238325,284418.0776330588,91,-7.081717965330371
-7.443059802348656,-7.521022319793701,332802048,162500,2048,56115.55078125,0.0,0.007521022576838732,609835.3850888198,91,-7.450580824925495
-7.440818182556419,-7.4796671867370605,333826048,163000,2048,56159.703125,0.0,0.007479667663574219,649901.2364984317,92,-7.448297850219993
-7.2356827435289635,-7.302289962768555,334850048,163500,2048,56246.68359375,0.0,0.007302290294319391,636692.0504278486,92,-7.242985033823283
-7.629677695227127,-7.3413543701171875,335874048,164000,2048,56289.84375,0.0,0.0073413546197116375,589869.9374925446,92,-7.637019049846838
-7.436463832478404,-7.3874030113220215,336898048,164500,2048,56354.26171875,0.0,0.0073874033987522125,633305.2064577745,93,-7.4438512358771565
-7.334238927917452,-7.3885016441345215,337922048,165000,2048,56421.49609375,0.0,0.0073885018937289715,575269.311175351,93,-7.341627429811181
-7.433092580935147,-7.447208404541016,338946048,165500,2048,56471.3515625,0.0,0.007447208743542433,612331.4418919093,93,-7.44053978967869
-7.714986685609479,-7.7435455322265625,339970048,166000,2048,56510.05078125,0.0,0.007743545807898045,662424.1045924313,93,-7.722730231417377
-7.606180923077846,-7.472528457641602,340994048,166500,2048,56555.2890625,0.0,0.007472528610378504,711536.8646108066,94,-7.613653451688225
-7.859767664408536,-7.618377685546875,342018048,167000,2048,56637.94921875,0.0,0.0076183779165148735,825003.91438337,94,-7.867386042325051
-6.95272878439575,-7.167170524597168,343042048,167500,2048,56674.9609375,0.0,0.0071671707555651665,209808.2151824265,94,-6.959895955151315
-7.821324773494017,-7.511079788208008,344066048,168000,2048,56720.796875,0.0,0.007511080242693424,511001.33373318793,95,-7.82883585373671
-7.459668824206197,-7.34200382232666,345090048,168500,2048,56791.90234375,0.0,0.007342004217207432,551491.5284617841,95,-7.467010828423405
-7.6056742451338675,-7.457468032836914,346114048,169000,2048,56834.2890625,0.0,0.007457468193024397,483137.0664983168,95,-7.613131713326892
-7.715171731820957,-7.521522521972656,347138048,169500,2048,56902.98828125,0.0,0.0075215226970613,615246.9781357683,95,-7.722693254518019
-7.333261973072371,-7.3572163581848145,348162048,170000,2048,56945.30859375,0.0,0.007357216905802488,668642.734008447,96,-7.340619189978174
-7.361780849414169,-7.432995796203613,349186048,170500,2048,57021.31640625,0.0,0.007432996295392513,706830.3935811928,96,-7.369213845709561
-7.493682450364162,-7.443750381469727,350210048,171000,2048,57077.7890625,0.0,0.0074437507428228855,480054.5654427274,96,-7.501126201106985
-7.647856999591756,-7.39304256439209,351234048,171500,2048,57148.42578125,0.0,0.0073930430226027966,704244.8515830883,97,-7.655250042614359
-7.464652323503433,-7.334802150726318,352258048,172000,2048,57189.65625,0.0,0.00733480229973793,642707.8048459504,97,-7.471987125803171
-7.439574503395939,-7.534300804138184,353282048,172500,2048,57261.0390625,0.0,0.007534301374107599,630906.738954368,97,-7.447108804770046
-7.7798542687168375,-7.677090644836426,354306048,173000,2048,57305.44921875,0.0,0.00767709081992507,639584.5028839493,97,-7.787531359536763
-7.30455206521575,-7.390312671661377,355330048,173500,2048,57347.32421875,0.0,0.007390312850475311,473530.33835338254,98,-7.311942378066226
-7.168971858666081,-7.133790493011475,356354048,174000,2048,57403.32421875,0.0,0.007133790757507086,546959.9273255192,98,-7.176105649423588
-7.143930121112135,-7.5283708572387695,357378048,174500,2048,57452.359375,0.0,0.007528371177613735,297512.208384389,98,-7.151458492289748
-7.378686038603872,-7.265854358673096,358402048,175000,2048,57516.6171875,0.0,0.007265854626893997,583475.3092945669,98,-7.385951893230766
-7.5362460482829166,-7.295039176940918,359426048,175500,2048,57574.55859375,0.0,0.0072950394824147224,545786.7784502424,99,-7.543541087765331
-7.478547667902811,-7.518583297729492,360450048,176000,2048,57629.359375,0.0,0.007518583443015814,630640.3161884495,99,-7.486066251345827
-7.630553706282149,-7.5298895835876465,361474048,176500,2048,57671.23828125,0.0,0.007529890164732933,614878.587207645,99,-7.638083596446882
