bc/entropy,bc/ent_loss,batch_size,bc/prob_true_act,bc/batch,bc/l2_norm,bc/l2_loss,bc/samples_so_far,bc/loss,bc/epoch,bc/neglogp
12.574577331542969,-0.012574577704071999,4096,1.5473452906337426e-05,0,2844.500244140625,0.0,4096,11.063810993031975,0,11.076385570736047
11.0476655960083,-0.01104766596108675,4096,7.134538984775846e-05,500,3009.215576171875,0.0,2052096,9.537167557651848,0,9.548215223612935
9.375953674316406,-0.009375954046845436,4096,0.00038358293921466724,1000,3338.173095703125,0.0,4100096,7.868077067128714,1,7.877453021175559
7.560925483703613,-0.0075609260238707066,4096,0.0024775253367893433,1500,3849.336669921875,0.0,6148096,6.057370124503283,1,6.064931050527154
5.627610206604004,-0.005627610255032778,4096,0.018643436740076354,2000,4530.09423828125,0.0,8196096,4.133372550160922,2,4.1390001604159545
3.6903505325317383,-0.0036903508007526398,4096,0.14077659604859122,2500,5366.4375,0.0,10244096,2.220564409685418,2,2.2242547604861707
1.6884303092956543,-0.0016884304350242019,4096,1.0902612063017016,3000,6323.83642578125,0.0,12292096,0.30045720531707854,3,0.30214563575210274
-0.0630798488855362,6.307985313469544e-05,4096,6.646154437840298,3500,7299.15087890625,0.0,14340096,-1.218022852942525,3,-1.2180859327956597
-1.5714645385742188,0.0015714645851403475,4096,34.75709127242452,4000,8097.3876953125,0.0,16388096,-2.4701356625935738,4,-2.471707127178714
-2.556248188018799,0.0025562483351677656,4096,123.86494187316825,4500,8718.375,0.0,18436096,-3.256680037473381,5,-3.259236285808549
-3.250671863555908,0.0032506720162928104,4096,351.376722941029,5000,9275.7685546875,0.0,20484096,-3.7565532212499573,5,-3.75980389326625
-3.824620485305786,0.0038246207404881716,4096,820.6852622920101,5500,9890.2041015625,0.0,22532096,-4.244759434328512,6,-4.248584055069
-4.290748596191406,0.004290748853236437,4096,1609.2338933365681,6000,10596.5810546875,0.0,24580096,-4.691191367789182,6,-4.6954821166424185
-4.694544315338135,0.004694544710218906,4096,3176.672753347415,6500,11279.654296875,0.0,26628096,-5.062912686328383,7,-5.067607231038602
-5.0185441970825195,0.0050185443833470345,4096,5519.273668794118,7000,11952.64453125,0.0,28676096,-5.168127170305402,7,-5.173145714688749
-5.332369327545166,0.005332369357347488,4096,9145.9044832691,7500,12587.6923828125,0.0,30724096,-5.67164704680726,8,-5.676979416164608
-5.3864054679870605,0.005386405624449253,4096,12037.00574408873,8000,13176.7529296875,0.0,32772096,-5.7714792725430435,9,-5.776865678167493
-5.60435676574707,0.0056043569929897785,4096,19638.17793770618,8500,13750.0126953125,0.0,34820096,-5.795111491371573,9,-5.800715848364563
-5.689753532409668,0.00568975368514657,4096,23505.77997885484,9000,14300.7802734375,0.0,36868096,-5.887810346498298,10,-5.893500100183444
-5.872009754180908,0.005872010253369808,4096,33347.705031511694,9500,14828.349609375,0.0,38916096,-6.068336446013921,10,-6.074208456267291
-5.879833221435547,0.005879833362996578,4096,30961.99430395152,10000,15313.07421875,0.0,40964096,-5.823205363525868,11,-5.829085196888864
-6.043190956115723,0.006043191067874432,4096,54139.06786512399,10500,15790.7138671875,0.0,43012096,-6.103489989882057,11,-6.109533180949931
-5.9863810539245605,0.005986381322145462,4096,61245.68248194628,11000,16273.64453125,0.0,45060096,-5.667118679250754,12,-5.673105060572899
-6.062354564666748,0.006062354892492294,4096,62371.39486902114,11500,16701.6953125,0.0,47108096,-6.017356424453476,13,-6.023418779345969
-6.174481391906738,0.006174481473863125,4096,20274.81220932712,12000,17157.3359375,0.0,49156096,-5.94857632904951,13,-5.9547508105233735
-6.208148002624512,0.006208148319274187,4096,90810.93595077802,12500,17558.408203125,0.0,51204096,-6.488211953142516,14,-6.49442010146179
-6.349519729614258,0.006349519826471806,4096,91584.32592054569,13000,18044.83984375,0.0,53252096,-6.384492203315297,14,-6.390841723141769
-6.219178199768066,0.0062191784381866455,4096,97400.30213805757,13500,18450.09765625,0.0,55300096,-6.214062547143287,15,-6.220281725581474
-6.217348575592041,0.006217348854988813,4096,66872.58366615634,14000,18900.619140625,0.0,57348096,-6.1967070255856225,15,-6.202924374440611
-6.411415100097656,0.00641141552478075,4096,102184.4047572917,14500,19304.748046875,0.0,59396096,-6.581245904666294,16,-6.587657320191075
-6.278970718383789,0.0062789712101221085,4096,122168.56406375067,15000,19723.98046875,0.0,61444096,-6.358005853065585,16,-6.364284824275707
-2.630783796310425,0.0026307839434593916,4096,86.33543033344759,15500,20001.208984375,0.0,63492096,-3.1261855519889545,17,-3.128816335932414
-4.2329792976379395,0.004232979379594326,4096,1320.0927896706835,16000,20061.958984375,0.0,65540096,-4.7820921806749155,18,-4.78632516005451
-6.375587463378906,0.006375587545335293,4096,147966.3975211221,16500,20386.431640625,0.0,67588096,-6.490709884820159,18,-6.4970854723654945
-6.459001541137695,0.0064590019173920155,4096,78587.96844878205,17000,20905.720703125,0.0,69636096,-6.020318714359098,19,-6.02677771627649
-6.3641276359558105,0.006364128086715937,4096,156663.94866495428,17500,21386.95703125,0.0,71684096,-6.449164689793865,19,-6.455528817880581
-6.402045249938965,0.006402045488357544,4096,179202.35112255075,18000,21871.626953125,0.0,73732096,-6.501501058334206,20,-6.507903103822564
-6.582109451293945,0.006582109723240137,4096,178696.57866111782,18500,22367.5,0.0,75780096,-6.61253728852577,20,-6.61911939824901
-6.443615913391113,0.0064436160027980804,4096,180786.36822675838,19000,22837.80859375,0.0,77828096,-6.4798083869209275,21,-6.486252002923726
-6.486624240875244,0.006486624479293823,4096,182663.52360162645,19500,23329.248046875,0.0,79876096,-6.430982753851235,22,-6.437469378330529
-6.587470531463623,0.006587470881640911,4096,145657.5230807869,20000,23790.0859375,0.0,81924096,-6.528137598898886,22,-6.534725069780527
-6.681008338928223,0.006681008730083704,4096,120972.84242758638,20500,24243.001953125,0.0,83972096,-6.6263956153993675,23,-6.633076624129451
-6.554792881011963,0.0065547931008040905,4096,231937.34094249533,21000,24712.79296875,0.0,86020096,-6.608089322149423,23,-6.614644115250227
-6.611617088317871,0.006611617282032967,4096,191341.13087055346,21500,25164.3046875,0.0,88068096,-6.621207393606234,24,-6.627819010888267
-6.610711097717285,0.006610711570829153,4096,206637.28848372836,22000,25650.05078125,0.0,90116096,-6.554026028241747,24,-6.560636739812576
-6.684571266174316,0.0066845715045928955,4096,185146.29097686266,22500,26119.609375,0.0,92164096,-6.704562485665849,25,-6.711247057170442
-6.551824569702148,0.006551824975758791,4096,195696.95727150684,23000,26574.8984375,0.0,94212096,-6.564231042043323,26,-6.570782867019082
-6.647783279418945,0.006647783797234297,4096,228627.8109403202,23500,27013.498046875,0.0,96260096,-6.726573494327308,26,-6.733221278124542
-6.683896064758301,0.006683896295726299,4096,226711.38741542402,24000,27456.0703125,0.0,98308096,-6.96591605101716,27,-6.972599947312887
-6.6186723709106445,0.006618672516196966,4096,215959.2089861785,24500,27931.8046875,0.0,100356096,-6.73622592396503,27,-6.742844596481227
-6.692717552185059,0.006692717783153057,4096,182127.97873747107,25000,28385.4609375,0.0,102404096,-6.870378014816162,28,-6.877070732599315
-6.761793613433838,0.006761793978512287,4096,188466.86894550937,25500,28833.556640625,0.0,104452096,-6.905763452793302,28,-6.912525246771814
-6.8029327392578125,0.006802933290600777,4096,224236.1060633325,26000,29284.22265625,0.0,106500096,-6.794138460205848,29,-6.800941393496449
-6.726609230041504,0.006726609542965889,4096,209743.63349385984,26500,29707.966796875,0.0,108548096,-6.871845817833508,29,-6.878572427376474
-6.820778846740723,0.0068207792937755585,4096,215706.89632224495,27000,30175.390625,0.0,110596096,-6.981378862176708,30,-6.988199641470484
-6.649352550506592,0.006649353075772524,4096,126119.35704705288,27500,30583.701171875,0.0,112644096,-6.765527757813398,31,-6.772177110889171
-6.699456691741943,0.006699456833302975,4096,144690.78443380503,28000,31093.931640625,0.0,114692096,-6.175514541659225,31,-6.182213998492528
-6.638155937194824,0.006638156250119209,4096,153789.9058899745,28500,31512.87109375,0.0,116740096,-6.572829268991997,32,-6.579467425242116
-6.867282867431641,0.006867283023893833,4096,218291.96081513003,29000,31996.09375,0.0,118788096,-7.037386524080405,32,-7.044253807104299
-6.7553791999816895,0.006755379494279623,4096,180057.5252157647,29500,32484.98828125,0.0,120836096,-6.367674284590923,33,-6.374429664085203
-6.632800102233887,0.006632800213992596,4096,159019.48200028896,30000,32907.62109375,0.0,122884096,-6.637096513794557,33,-6.643729314008549
-5.714766025543213,0.005714766215533018,4096,19104.91474666563,30500,33198.625,0.0,124932096,-6.058783457459851,34,-6.064498223675384
-6.824012756347656,0.006824013311415911,4096,213127.97097436403,31000,33626.0625,0.0,126980096,-6.745372704030451,35,-6.752196717341867
-6.733895301818848,0.006733895745128393,4096,213738.0663955112,31500,34030.43359375,0.0,129028096,-6.585450804202761,35,-6.5921846999478895
-6.772932052612305,0.006772932596504688,4096,196240.20551911756,32000,34436.62109375,0.0,131076096,-6.917496483227991,36,-6.9242694158244955
-6.869500160217285,0.006869500502943993,4096,165715.69141539623,32500,34825.23828125,0.0,133124096,-6.892636025941653,36,-6.899505526444597
-6.775689601898193,0.006775689776986837,4096,151453.46866201382,33000,35189.58203125,0.0,135172096,-6.744998071655518,37,-6.751773761432505
-6.642677307128906,0.0066426778212189674,4096,116720.01141999438,33500,35556.046875,0.0,137220096,-6.853307640033284,37,-6.859950317854503
-6.765811443328857,0.006765811704099178,4096,112202.43504280725,34000,35913.25390625,0.0,139268096,-6.136480375829493,38,-6.143246187533592
-6.85007381439209,0.006850074045360088,4096,154745.8646933079,34500,36232.03125,0.0,141316096,-6.4198628644544735,39,-6.426712938499834
-6.851126670837402,0.006851126905530691,4096,215495.23060397748,35000,36567.3828125,0.0,143364096,-6.684407473828539,39,-6.69125860073407
-6.725943565368652,0.006725944112986326,4096,172969.8268388976,35500,36893.94921875,0.0,145412096,-6.833462337465019,40,-6.840188281578006
-6.693093299865723,0.0066930935718119144,4096,177134.88772670247,36000,37207.1015625,0.0,147460096,-6.737787286903811,40,-6.744480380475623
-6.799742698669434,0.006799743045121431,4096,220779.91697676366,36500,37533.91015625,0.0,149508096,-6.9347712137137325,41,-6.941570956758854
-6.930861473083496,0.006930861622095108,4096,215284.8059689277,37000,37855.234375,0.0,151556096,-6.908864741593572,41,-6.915795603215667
-6.840688705444336,0.006840689107775688,4096,294260.0394194265,37500,38131.90625,0.0,153604096,-6.878403662043452,42,-6.885244351151227
-6.936018943786621,0.0069360192865133286,4096,263908.3018652422,38000,38385.37890625,0.0,155652096,-6.912346737591259,42,-6.919282756877772
-6.768842697143555,0.006768843159079552,4096,191798.6533646111,38500,38664.6015625,0.0,157700096,-6.7782103677909635,43,-6.784979210950043
-6.98472785949707,0.006984728388488293,4096,285576.5475723238,39000,38926.7421875,0.0,159748096,-6.976793395207458,44,-6.983778123595946
-6.511783123016357,0.006511783227324486,4096,127954.19583132848,39500,39192.46484375,0.0,161796096,-6.74882242759641,44,-6.755334210823735
-6.845161437988281,0.006845161784440279,4096,209670.75961248943,40000,39434.9453125,0.0,163844096,-6.946440522201323,45,-6.953285683985763
-6.957696914672852,0.006957697216421366,4096,210569.32498218917,40500,39656.91796875,0.0,165892096,-7.068661259221274,45,-7.075618956437696
-6.944639682769775,0.006944640073925257,4096,272190.17288375687,41000,39882.12109375,0.0,167940096,-6.8883278733962525,46,-6.895272513470178
-6.795685291290283,0.006795685738325119,4096,171830.20928053057,41500,40051.76171875,0.0,169988096,-6.77941455482976,46,-6.786210240568085
-4.420658111572266,0.004420658107846975,4096,1222.3058622927913,42000,40245.96484375,0.0,172036096,-4.84612461547168,47,-4.850545273579527
-6.8662333488464355,0.006866233889013529,4096,239186.13519302738,42500,40371.71484375,0.0,174084096,-7.016406374428996,48,-7.02327260831801
-6.978301048278809,0.006978301331400871,4096,258198.84896842862,43000,40528.88671875,0.0,176132096,-7.08815939483639,48,-7.095137696167791
-7.074018955230713,0.007074019405990839,4096,332551.9226903,43500,40707.2578125,0.0,178180096,-6.119120743235988,49,-6.126194762641979
-6.916392803192139,0.006916393060237169,4096,188778.6407308531,44000,40856.19921875,0.0,180228096,-6.85738352812002,49,-6.864299921180257
-6.894421100616455,0.006894421298056841,4096,270786.53409284394,44500,41090.546875,0.0,182276096,-7.030481070127511,50,-7.037375491425568
-6.9770660400390625,0.006977066397666931,4096,238308.98979057313,45000,41242.03125,0.0,184324096,-7.072759690686889,50,-7.0797367570845555
-6.868247985839844,0.006868248339742422,4096,198454.15907126124,45500,41393.078125,0.0,186372096,-7.081313108875893,51,-7.088181357215635
-6.954948425292969,0.0069549488835036755,4096,260029.37943639618,46000,41515.55859375,0.0,188420096,-7.00853660939771,52,-7.015491558281214
-6.894165992736816,0.006894166115671396,4096,222607.5783896416,46500,41665.453125,0.0,190468096,-6.9841273618110975,52,-6.991021527926769
-6.756770610809326,0.0067567708902060986,4096,141425.88540325995,47000,41804.4765625,0.0,192516096,-6.877971154095347,53,-6.884727924985553
-7.010805606842041,0.007010805886238813,4096,285111.627660753,47500,41934.5625,0.0,194564096,-7.165482061297647,53,-7.172492867183886
-6.990645408630371,0.006990645546466112,4096,234262.32835850952,48000,42112.8203125,0.0,196612096,-6.881969979205548,54,-6.8889606247520145
-6.850681304931641,0.006850681733340025,4096,252961.89798076235,48500,42245.796875,0.0,198660096,-7.0052202627274385,54,-7.0120709444607785
-6.947125434875488,0.0069471257738769054,4096,289392.628210612,49000,42385.05859375,0.0,200708096,-7.054315554433266,55,-7.061262680207143
-6.999874114990234,0.006999874487519264,4096,265736.1157502086,49500,42487.69921875,0.0,202756096,-6.995464719623465,55,-7.002464594110984
-6.114444732666016,0.0061144451610744,4096,27176.79784514253,50000,42612.6484375,0.0,204804096,-6.220645530946131,56,-6.226759976107205
-7.057028770446777,0.007057029288262129,4096,302425.03144627606,50500,42766.8671875,0.0,206852096,-7.048125761028832,57,-7.055182790317094
-4.509897232055664,0.0045098974369466305,4096,2042.2346104202438,51000,42815.359375,0.0,208900096,-4.828483622884132,57,-4.832993520321079
-5.6710124015808105,0.005671012680977583,4096,13349.685272643872,51500,42882.8203125,0.0,210948096,-6.065785827460218,58,-6.071456840141195
-6.419618606567383,0.006419619079679251,4096,72394.57838910332,52000,42953.62890625,0.0,212996096,-6.6624643026918084,58,-6.668883921771488
-7.035811424255371,0.007035811897367239,4096,282724.07569212816,52500,43042.09375,0.0,215044096,-6.99797647852776,59,-7.005012290425127
-7.053277969360352,0.007053278386592865,4096,228239.57663440215,53000,43108.55859375,0.0,217092096,-7.021505317635089,59,-7.028558596021682
-6.946638107299805,0.006946638226509094,4096,288403.92773092585,53500,43256.4296875,0.0,219140096,-6.917794112911386,60,-6.924740751137895
-6.94166898727417,0.006941669154912233,4096,285922.1244821661,54000,43366.125,0.0,221188096,-6.912370070481638,61,-6.919311739636551
-7.032130241394043,0.007032130379229784,4096,279397.0535320851,54500,43438.50390625,0.0,223236096,-7.005084738403859,61,-7.012116868783089
-7.013927936553955,0.007013928145170212,4096,264227.9044639319,55000,43513.9921875,0.0,225284096,-7.145073795136954,62,-7.152087723282124
-6.980759620666504,0.006980760022997856,4096,308811.912146914,55500,43586.07421875,0.0,227332096,-6.9940813921479315,62,-7.001062152170929
-7.033380508422852,0.007033380679786205,4096,277651.08091694023,56000,43661.0546875,0.0,229380096,-7.1011422594721605,63,-7.108175640151947
-6.7719526290893555,0.006771952845156193,4096,259635.38031246187,56500,43730.84765625,0.0,231428096,-6.8098659223494895,63,-6.816637875194646
-6.926091194152832,0.0069260913878679276,4096,266274.37648051523,57000,43831.50390625,0.0,233476096,-6.912614298743498,64,-6.919540390131366
-6.90974760055542,0.006909748073667288,4096,244170.6954493383,57500,43918.671875,0.0,235524096,-7.010666630347018,65,-7.017576378420685
-6.936582565307617,0.006936582736670971,4096,224055.3122432772,58000,43994.2890625,0.0,237572096,-6.860948544418429,65,-6.8678851271551
-6.999773979187012,0.006999774370342493,4096,292898.5863489236,58500,44119.23046875,0.0,239620096,-7.032190862049866,66,-7.039190636420209
-6.906818389892578,0.006906818598508835,4096,278011.337975525,59000,44209.77734375,0.0,241668096,-6.870219731718899,66,-6.877126550317408
-7.137417793273926,0.007137418258935213,4096,343752.6577727739,59500,44289.31640625,0.0,243716096,-7.19350778666179,67,-7.2006452049207255
-6.873086452484131,0.0068730865605175495,4096,318166.21519111015,60000,44381.0859375,0.0,245764096,-6.809852743349802,67,-6.81672582991032
-7.103194236755371,0.007103194482624531,4096,230436.26494971462,60500,44476.4921875,0.0,247812096,-7.065703793415949,68,-7.0728069878985735
-7.141129493713379,0.007141130045056343,4096,326760.37183973653,61000,44541.6328125,0.0,249860096,-7.291374678369493,69,-7.29851580841455
-7.127735137939453,0.007127735298126936,4096,359401.9197799385,61500,44606.15234375,0.0,251908096,-7.014626305317067,69,-7.021754040615194
-7.002585411071777,0.00700258556753397,4096,304050.4854377838,62000,44672.3203125,0.0,253956096,-7.034842280533301,70,-7.041844866100835
-6.923995494842529,0.006923995912075043,4096,267099.70183423196,62500,44747.82421875,0.0,256004096,-6.955978901146649,70,-6.962902897058724
-7.133533477783203,0.007133533712476492,4096,314770.6519456359,63000,44838.84375,0.0,258052096,-7.200797464851842,71,-7.2079309985643185
-7.0414605140686035,0.007041460834443569,4096,308640.3704231136,63500,44950.3828125,0.0,260100096,-7.116858897752353,71,-7.123900358586797
-7.079603672027588,0.007079604081809521,4096,360065.233286976,64000,45005.84375,0.0,262148096,-7.222513174931555,72,-7.229592779013364
-7.119072914123535,0.007119073066860437,4096,360732.6457462489,64500,45071.1640625,0.0,264196096,-6.8292318588484076,72,-6.836350931915268
-7.018568992614746,0.007018569391220808,4096,248205.62652568682,65000,45138.2109375,0.0,266244096,-6.941036538094762,73,-6.948055107485983
-7.116117477416992,0.0071161179803311825,4096,350367.52765728545,65500,45228.03515625,0.0,268292096,-7.222751749388484,74,-7.2298678673688155
-7.037374973297119,0.007037375122308731,4096,255903.86886120064,66000,45281.9375,0.0,270340096,-6.880052375856405,74,-6.8870897509787135
-6.980733394622803,0.006980733945965767,4096,288734.8544735944,66500,45344.15625,0.0,272388096,-7.059564021700193,75,-7.0665447556461585
-7.133904457092285,0.007133904844522476,4096,365005.83977655636,67000,45410.94140625,0.0,274436096,-7.281447394872669,75,-7.288581299717191
-7.143360137939453,0.007143360562622547,4096,324480.9606074609,67500,45495.3046875,0.0,276484096,-7.263120705568918,76,-7.27026406613154
-7.148674964904785,0.00714867515489459,4096,329699.94666372624,68000,45559.64453125,0.0,278532096,-7.190915797186522,76,-7.198064472341416
-7.175773620605469,0.007175773847848177,4096,369157.9451538271,68500,45628.88671875,0.0,280580096,-7.179769518238074,77,-7.186945292085922
-7.0018415451049805,0.007001841906458139,4096,354091.1249132595,69000,45708.71484375,0.0,282628096,-7.0915813233578175,78,-7.098583165264276
-7.275170803070068,0.007275171112269163,4096,255238.13939001216,69500,45808.43359375,0.0,284676096,-7.009211065631533,78,-7.016486236743802
-7.224178314208984,0.007224178873002529,4096,341604.88985303114,70000,45880.16015625,0.0,286724096,-7.377072884928934,79,-7.384297063801936
-7.094315052032471,0.007094315253198147,4096,343874.45715922664,70500,45940.1875,0.0,288772096,-7.16609905912526,79,-7.173193374378458
-7.141810417175293,0.007141810841858387,4096,348815.4467073971,71000,46049.5078125,0.0,290820096,-7.360693616897092,80,-7.36783542773895
-7.0935211181640625,0.007093521300703287,4096,345671.6370849662,71500,46114.34765625,0.0,292868096,-7.052123574693785,80,-7.059217095994488
-7.196835994720459,0.007196836173534393,4096,384183.8543921829,72000,46183.421875,0.0,294916096,-7.223735320999791,81,-7.230932157173325
-7.2020039558410645,0.007202004082500935,4096,338275.8119028029,72500,46234.52734375,0.0,296964096,-7.402678209986402,82,-7.409880214068903
-7.079440116882324,0.007079440634697676,4096,331668.27321015415,73000,46315.72265625,0.0,299012096,-7.200305063106562,82,-7.20738450374126
-7.190211296081543,0.007190211676061153,4096,371763.41089951695,73500,46395.0703125,0.0,301060096,-7.194452407230171,83,-7.201642618906233
-7.065855026245117,0.00706585543230176,4096,326307.651964272,74000,46482.0078125,0.0,303108096,-7.206951673398181,83,-7.214017528830483
-7.020218849182129,0.007020219229161739,4096,287241.10051425465,74500,46547.27734375,0.0,305156096,-7.111486169395932,84,-7.118506388625094
-7.052043914794922,0.0070520443841814995,4096,335075.9816315346,75000,46601.4140625,0.0,307204096,-6.946172082853878,84,-6.95322412723806
-7.241058349609375,0.007241058629006147,4096,295540.9221651936,75500,46680.109375,0.0,309252096,-7.270757723881164,85,-7.27799878251017
-7.09193754196167,0.007091938052326441,4096,339639.4951878125,76000,46750.86328125,0.0,311300096,-7.22098664941101,85,-7.228078587463337
-7.171383380889893,0.00717138359323144,4096,371719.9909067086,76500,46818.0390625,0.0,313348096,-7.210003630928991,86,-7.217175014522223
-7.170860290527344,0.007170860655605793,4096,302336.8668257176,77000,46882.1328125,0.0,315396096,-7.380491288759562,87,-7.387662149415168
-7.2132792472839355,0.007213279604911804,4096,374788.7489859209,77500,46959.26171875,0.0,317444096,-7.269536483324665,87,-7.276749762929577
-7.115753650665283,0.007115753833204508,4096,294576.17659695086,78000,47032.47265625,0.0,319492096,-6.959133648814321,88,-6.9662494026475255
-7.0854105949401855,0.007085410878062248,4096,336015.68147764297,78500,47125.6640625,0.0,321540096,-7.1344504257718135,88,-7.141535836649876
-7.176888942718506,0.007176889106631279,4096,393836.6587773837,79000,47190.69921875,0.0,323588096,-7.254740572755599,89,-7.261917461862231
-7.227446556091309,0.007227446883916855,4096,413724.3842419161,79500,47253.1953125,0.0,325636096,-7.45277899736121,89,-7.460006444245127
-7.1816511154174805,0.007181651424616575,4096,354537.9077036386,80000,47330.890625,0.0,327684096,-7.266668192887547,90,-7.2738498443121635
-7.151378631591797,0.007151378784328699,4096,320557.77401737927,80500,47411.07421875,0.0,329732096,-7.234678109501589,91,-7.2418294882859175
-7.1155571937561035,0.007115557324141264,4096,339169.48007028986,81000,47466.55859375,0.0,331780096,-6.926786201844849,91,-6.93390175916899
-7.0898661613464355,0.007089866325259209,4096,280771.3625808472,81500,47519.30078125,0.0,333828096,-7.090783206665093,92,-7.097873072990352
-7.212451457977295,0.007212451659142971,4096,417084.94087550545,82000,47592.84765625,0.0,335876096,-7.450130198968739,92,-7.457342650627882
-7.107863903045654,0.007107864134013653,4096,365932.01158767036,82500,47648.8046875,0.0,337924096,-7.265287710057162,93,-7.272395574191176
-7.171899318695068,0.0071718995459377766,4096,328449.4663929299,83000,47724.1796875,0.0,339972096,-7.183708808369992,93,-7.190880707915929
-7.257149696350098,0.007257150020450354,4096,404574.88605375367,83500,47787.8671875,0.0,342020096,-6.681519415910374,94,-6.688776565930825
-7.3059492111206055,0.0073059494607150555,4096,329267.52665703255,84000,47893.29296875,0.0,344068096,-7.481800214847984,95,-7.489106164308699
-7.22004508972168,0.007220045663416386,4096,365952.1852024456,84500,47943.42578125,0.0,346116096,-7.275915290470921,95,-7.283135336134337
-7.187588214874268,0.007187588606029749,4096,413920.7513667171,85000,48013.71484375,0.0,348164096,-7.255652653529591,96,-7.262840242135621
-7.254161834716797,0.007254162337630987,4096,436310.13625586516,85500,48069.11328125,0.0,350212096,-7.3869218508772265,96,-7.3941760132148575
-7.207921028137207,0.007207921240478754,4096,365750.9932025092,86000,48136.7265625,0.0,352260096,-7.356008780812946,97,-7.363216702053425
-7.17833137512207,0.007178331725299358,4096,345731.91214807204,86500,48209.82421875,0.0,354308096,-7.282446407944914,97,-7.289624739670213
-7.0245561599731445,0.007024556398391724,4096,302643.6939595482,87000,48271.58984375,0.0,356356096,-7.095668491389443,98,-7.1026930477878345
-7.13670539855957,0.007136705797165632,4096,414152.8438870192,87500,48318.890625,0.0,358404096,-7.032297130387181,98,-7.0394338361843465
-7.336910724639893,0.007336911279708147,4096,405655.5327898711,88000,48393.41796875,0.0,360452096,-7.203737923693047,99,-7.211074834972755
-7.257144927978516,0.0072571453638374805,4096,463885.7010894866,88500,48448.1640625,0.0,362500096,-7.274613625007861,100,-7.2818707703716985
-7.173710823059082,0.007173710968345404,4096,302076.69617291563,89000,48507.0,0.0,364548096,-7.389504442371473,100,-7.396678153339819
-7.224747180938721,0.007224747445434332,4096,440435.9324332089,89500,48563.54296875,0.0,366596096,-7.299843222029843,101,-7.307067969475277
-7.160822868347168,0.007160823326557875,4096,267150.86770208855,90000,48644.32421875,0.0,368644096,-6.998402262626894,101,-7.005563085953452
-7.31082010269165,0.007310820277780294,4096,452845.55666019185,90500,48690.66015625,0.0,370692096,-7.484036890644242,102,-7.491347710922022
-7.187554359436035,0.0071875546127557755,4096,377459.88343613705,91000,48770.05078125,0.0,372740096,-7.173532907974589,102,-7.180720462587344
-7.17408561706543,0.007174085825681686,4096,418438.39182190876,91500,48840.37109375,0.0,374788096,-7.235893545459716,103,-7.243067631285398
-7.1671342849731445,0.0071671344339847565,4096,294527.6335153547,92000,48896.53125,0.0,376836096,-7.23870254162816,104,-7.245869676062145
-7.286584377288818,0.007286584936082363,4096,429740.2427038299,92500,48980.7265625,0.0,378884096,-7.2348512014888815,104,-7.242137786424964
-7.216775894165039,0.007216776255518198,4096,397975.4589266612,93000,49026.05859375,0.0,380932096,-7.149605223052852,105,-7.15682199930837
-7.194637298583984,0.0071946377865970135,4096,378220.555768203,93500,49082.5703125,0.0,382980096,-7.1703518413465925,105,-7.1775464791331895
-7.26709508895874,0.007267095614224672,4096,329911.2315535235,94000,49145.69921875,0.0,385028096,-7.210592394691394,106,-7.217859490305619
-7.262378692626953,0.007262378931045532,4096,305617.7379457749,94500,49200.41015625,0.0,387076096,-7.184808767044436,106,-7.192071145975482
-6.037045478820801,0.006037045735865831,4096,24247.261445593384,95000,49361.515625,0.0,389124096,-6.30501129939358,107,-6.3110483451294455
-7.200634002685547,0.0072006345726549625,4096,386522.30389359285,95500,49475.88671875,0.0,391172096,-7.143779421567363,108,-7.150980056140018
-7.192937850952148,0.00719293812289834,4096,353849.3753059865,96000,49521.7890625,0.0,393220096,-7.26515744821474,108,-7.272350386337639
-7.247733116149902,0.0072477334178984165,4096,426749.56469108374,96500,49576.5703125,0.0,395268096,-7.305375358571723,109,-7.312623091989622
-7.128958225250244,0.007128958590328693,4096,396417.826021773,97000,49633.44140625,0.0,397316096,-7.228753763544526,109,-7.235882722134854
-4.592113494873047,0.00459211366251111,4096,2379.801031162584,97500,49713.23828125,0.0,399364096,-5.025284846685823,110,-5.029876960348334
-6.253636360168457,0.006253636442124844,4096,35165.997229881395,98000,49758.3203125,0.0,401412096,-6.579844326992404,110,-6.586097963434529
-7.3032355308532715,0.007303236052393913,4096,341540.9321559128,98500,49842.3515625,0.0,403460096,-7.435182587040034,111,-7.442485823092428
-7.261987686157227,0.007261988241225481,4096,409178.0753739086,99000,49885.5078125,0.0,405508096,-7.386519257676073,111,-7.393781245917299
-7.225090026855469,0.00722509017214179,4096,386652.0911808183,99500,49922.203125,0.0,407556096,-7.305164423015851,112,-7.312389513187993
-7.173349857330322,0.00717335008084774,4096,333856.977795845,100000,49962.05078125,0.0,409604096,-7.087717234240426,113,-7.0948905843212735
-7.149601936340332,0.00714960228651762,4096,364766.4181561816,100500,50020.0390625,0.0,411652096,-7.228160355128679,113,-7.235309957415197
-7.030452251434326,0.007030452601611614,4096,291683.91785746056,101000,50063.14453125,0.0,413700096,-7.110700730479017,114,-7.117731183080629
-7.321446418762207,0.007321446668356657,4096,399941.3461321076,101500,50113.375,0.0,415748096,-7.4683624493478,114,-7.4756838960161565
-7.238389015197754,0.007238389458507299,4096,352191.46667974704,102000,50156.36328125,0.0,417796096,-7.228596175726801,115,-7.235834565185308
-7.299301624298096,0.0072993021458387375,4096,437620.85631738784,102500,50221.55859375,0.0,419844096,-7.3277977714393545,115,-7.335097073585193
-7.139806747436523,0.007139807101339102,4096,338875.755253069,103000,50274.05859375,0.0,421892096,-7.285332270690629,116,-7.2924720777919685
-7.329957008361816,0.007329957559704781,4096,383427.6374037075,103500,50328.5859375,0.0,423940096,-7.019340008453463,117,-7.026669966013168
-7.308941841125488,0.007308942265808582,4096,395687.581987715,104000,50374.5703125,0.0,425988096,-7.459975641338539,117,-7.467284583604347
-7.334617614746094,0.007334617897868156,4096,303309.56168268446,104500,50427.09375,0.0,428036096,-7.295632007593923,118,-7.302966625491791
-7.255992412567139,0.007255992852151394,4096,238434.613722701,105000,50496.24609375,0.0,430084096,-7.190895245623563,118,-7.198151238475714
-7.370121955871582,0.007370122242718935,4096,361084.3210012884,105500,50548.7578125,0.0,432132096,-7.402120838049591,119,-7.40949096029231
-7.137456893920898,0.007137457374483347,4096,384596.85633526207,106000,50589.265625,0.0,434180096,-7.2818326403228095,119,-7.288970097697293
-7.223987579345703,0.007223987951874733,4096,331612.7036423123,106500,50664.3203125,0.0,436228096,-7.329076342512694,120,-7.336300330464569
-7.1760711669921875,0.007176071405410767,4096,350085.37348909595,107000,50713.44140625,0.0,438276096,-7.263353175246044,121,-7.270529246651455
-7.185361862182617,0.007185362279415131,4096,226880.00103368048,107500,50767.81640625,0.0,440324096,-7.342645183507327,121,-7.349830545786742
-7.315274238586426,0.00731527479365468,4096,375784.4008454586,108000,50814.4375,0.0,442372096,-7.326700087625732,122,-7.334015362419387
-7.196990966796875,0.007196991238743067,4096,358056.77263867133,108500,50858.5390625,0.0,444420096,-7.113321043558332,122,-7.120518034797075
-7.316268444061279,0.007316268980503082,4096,400423.08049902105,109000,50951.21875,0.0,446468096,-7.526422290635217,123,-7.5337385596157205
-7.265139579772949,0.00726513983681798,4096,276748.84388515365,109500,50990.1796875,0.0,448516096,-7.224836114135157,123,-7.232101253971975
-7.320713043212891,0.007320713251829147,4096,446630.67260536837,110000,51065.11328125,0.0,450564096,-7.420449770390624,124,-7.427770483642453
-7.278528213500977,0.007278528530150652,4096,441430.5307990076,110500,51105.11328125,0.0,452612096,-7.386911929832733,125,-7.394190458362884
-7.49199104309082,0.007491991389542818,4096,486283.13075067196,111000,51153.3515625,0.0,454660096,-7.55328008050914,125,-7.560772071898683
-7.30439567565918,0.007304396014660597,4096,473355.9626506326,111500,51218.359375,0.0,456708096,-7.419067494715161,126,-7.426371890729822
-7.4129133224487305,0.007412913721054792,4096,412652.9556536243,112000,51271.02734375,0.0,458756096,-7.5059202367271505,126,-7.513333150448205
-7.153382301330566,0.007153382524847984,4096,397588.9250323401,112500,51326.1953125,0.0,460804096,-7.258589444845837,127,-7.265742827370685
-7.242633819580078,0.0072426339611411095,4096,420939.28195359954,113000,51368.65234375,0.0,462852096,-7.27154241625025,127,-7.2787850502113915
-7.274728775024414,0.007274729199707508,4096,359556.3213598032,113500,51413.91015625,0.0,464900096,-7.425262486943067,128,-7.432537216142775
-7.419979095458984,0.0074199796654284,4096,344036.4819309629,114000,51485.8828125,0.0,466948096,-7.310154304153102,128,-7.31757428381853
-7.226054668426514,0.007226055022329092,4096,413269.3154277585,114500,51538.01171875,0.0,468996096,-7.180917261434606,129,-7.1881433164569355
-7.301215171813965,0.007301215548068285,4096,491478.35036409216,115000,51583.55859375,0.0,471044096,-7.285872200476967,130,-7.293173416025035
-7.203803539276123,0.007203803863376379,4096,390051.54078814934,115500,51631.08984375,0.0,473092096,-7.358453513621733,130,-7.365657317485109
-7.411428451538086,0.007411428727209568,4096,396970.97176851577,116000,51677.51953125,0.0,475140096,-7.385920051978747,131,-7.393331480705957
-7.335245132446289,0.007335245609283447,4096,432717.31255515025,116500,51754.41796875,0.0,477188096,-7.395346176834774,131,-7.402681422444058
-7.354193687438965,0.0073541938327252865,4096,446968.543701222,117000,51794.95703125,0.0,479236096,-7.359424260482052,132,-7.366778454314777
-7.2859392166137695,0.007285939529538155,4096,504571.445289274,117500,51837.890625,0.0,481284096,-7.49630926453271,132,-7.503595204062248
-7.254117965698242,0.007254118099808693,4096,434274.1591977568,118000,51874.24609375,0.0,483332096,-7.119322761897005,133,-7.126576879996814
-6.8903045654296875,0.0068903048522770405,4096,146822.64790911833,118500,51914.375,0.0,485380096,-6.902402011233448,134,-6.909292316085725
-7.375777244567871,0.0073757776990532875,4096,483897.2359670164,119000,51961.76953125,0.0,487428096,-7.39949720249569,134,-7.406872980194743
-7.345948219299316,0.007345948368310928,4096,397951.33158043516,119500,51994.63671875,0.0,489476096,-7.414560518961727,135,-7.421906467330038
-7.256525993347168,0.0072565264999866486,4096,301287.8730735658,120000,52034.72265625,0.0,491524096,-7.386886668279548,135,-7.394143194779534
-6.155241966247559,0.006155242212116718,4096,29016.611957856254,120500,52101.87109375,0.0,493572096,-6.376675651759897,136,-6.382830893972014
-7.384685516357422,0.0073846857994794846,4096,290862.19124293316,121000,52162.6875,0.0,495620096,-7.4178724971908245,136,-7.425257182990304
-7.359769821166992,0.007359770126640797,4096,314407.92325407855,121500,52204.47265625,0.0,497668096,-7.23131980105769,137,-7.23867957118433
-7.412593364715576,0.007412593811750412,4096,306437.47440293845,122000,52249.5,0.0,499716096,-7.452397827825868,138,-7.459810421637618
-7.186439037322998,0.007186439353972673,4096,223262.67905651467,122500,52317.8046875,0.0,501764096,-7.4052228678993846,138,-7.412409307253357
-7.352781295776367,0.007352781482040882,4096,314768.6699314554,123000,52380.84375,0.0,503812096,-7.3117083832711085,139,-7.319061164753149
-7.206378936767578,0.007206379435956478,4096,289439.8947698491,123500,52421.33984375,0.0,505860096,-7.223973102821213,139,-7.231179482257169
-7.238527774810791,0.007238528225570917,4096,263254.2574056093,124000,52506.81640625,0.0,507908096,-7.329718393045573,140,-7.336956921271144
-7.370133399963379,0.007370133884251118,4096,257135.6556256777,124500,52547.6328125,0.0,509956096,-7.440769024165423,140,-7.448139158049674
-7.397182941436768,0.00739718321710825,4096,321255.8082276087,125000,52600.2421875,0.0,512004096,-7.492493560074774,141,-7.499890743291882
-7.3244709968566895,0.007324471138417721,4096,261168.05037987727,125500,52641.38671875,0.0,514052096,-7.347585603165754,141,-7.354910074304172
-7.44774866104126,0.00744774891063571,4096,311280.2868754724,126000,52695.94140625,0.0,516100096,-7.483415386492069,142,-7.490863135402705
-7.129661560058594,0.007129661738872528,4096,182114.57845206824,126500,52749.4375,0.0,518148096,-7.39861018938797,143,-7.405739851126842
-7.431002616882324,0.007431002799421549,4096,301981.127657217,127000,52791.94921875,0.0,520196096,-7.378585974429137,143,-7.386016977228558
-7.421955108642578,0.007421955466270447,4096,296330.5920977632,127500,52851.4453125,0.0,522244096,-7.5226929642645,144,-7.530114919730771
-7.510671138763428,0.007510671392083168,4096,359025.0949665436,128000,52884.875,0.0,524292096,-7.550040439317135,144,-7.557551110709218
-7.350828170776367,0.0073508284986019135,4096,291877.7697210917,128500,52928.328125,0.0,526340096,-7.379425325915036,145,-7.386776154413638
-7.622238636016846,0.007622239179909229,4096,346003.0081938155,129000,52959.859375,0.0,528388096,-7.5625156866100625,145,-7.570137925789972
-7.290104866027832,0.00729010533541441,4096,328428.0623120967,129500,53027.4140625,0.0,530436096,-7.211457287778187,146,-7.218747393113602
-7.448081016540527,0.0074480813927948475,4096,339642.68055342865,130000,53061.78125,0.0,532484096,-7.588468357853568,147,-7.595916439246363
-7.392196178436279,0.007392196450382471,4096,294301.11251015204,130500,53116.765625,0.0,534532096,-7.473996389504489,147,-7.481388585954871
-7.4294915199279785,0.007429491728544235,4096,295461.5972105158,131000,53157.11328125,0.0,536580096,-7.531620678766007,148,-7.539050170494551
-7.4302191734313965,0.007430219557136297,4096,304646.6340587663,131500,53196.4921875,0.0,538628096,-7.477996927759514,148,-7.48542714731665
-7.508694648742676,0.007508695125579834,4096,314807.5062093134,132000,53236.70703125,0.0,540676096,-7.688329735338655,149,-7.695838430464235
-7.491108417510986,0.00749110896140337,4096,318875.96086577076,132500,53284.65625,0.0,542724096,-7.4855079035751055,149,-7.492999012536509
-7.425258636474609,0.007425258867442608,4096,326272.5018456541,133000,53322.28125,0.0,544772096,-7.502184168001945,150,-7.509609426869388
-7.429749488830566,0.007429749704897404,4096,286032.5528400616,133500,53363.359375,0.0,546820096,-7.632990700585907,151,-7.640420450290804
-7.414935111999512,0.007414935622364283,4096,286416.0813674593,134000,53399.6640625,0.0,548868096,-7.5641020844135465,151,-7.571517020035911
-7.380459308624268,0.0073804594576358795,4096,268825.4417940157,134500,53485.1640625,0.0,550916096,-7.539113733771911,152,-7.546494193229547
-7.469586372375488,0.0074695865623652935,4096,334527.8222686246,135000,53516.7578125,0.0,552964096,-7.622261038025359,152,-7.629730624587724
-7.467190742492676,0.0074671912007033825,4096,379478.88264121296,135500,53557.2265625,0.0,555012096,-7.415819613751659,153,-7.423286804952363
-7.3614606857299805,0.007361460942775011,4096,320268.9681627293,136000,53584.3359375,0.0,557060096,-7.484661782961947,153,-7.492023243904722
-7.38904333114624,0.00738904345780611,4096,328630.8570516731,136500,53617.58984375,0.0,559108096,-7.440381886437878,154,-7.447770929895684
-7.366246700286865,0.00736624700948596,4096,300348.2755150668,137000,53666.671875,0.0,561156096,-7.412411017836511,154,-7.4197772648459965
-7.509588241577148,0.0075095887295901775,4096,309610.3048329167,137500,53700.421875,0.0,563204096,-7.499144756113113,155,-7.506654344842703
-7.345028877258301,0.007345029152929783,4096,282177.076793023,138000,53748.28125,0.0,565252096,-7.223270005037923,156,-7.230615034190853
-7.208040237426758,0.007208040449768305,4096,293857.0500005394,138500,53789.30078125,0.0,567300096,-7.191466496195605,156,-7.198674536645373
-7.454760551452637,0.00745476083829999,4096,328724.37880873063,139000,53853.04296875,0.0,569348096,-7.514192509336723,157,-7.5216472701750225
-7.470158576965332,0.007470158860087395,4096,331293.22455458285,139500,53887.86328125,0.0,571396096,-7.416776202586345,157,-7.424246361446432
-7.415641784667969,0.0074156420305371284,4096,263971.7769736026,140000,53935.15234375,0.0,573444096,-7.455178262680235,158,-7.462593904710772
-7.54409122467041,0.007544091437011957,4096,303889.1890733865,140500,53978.6875,0.0,575492096,-7.625119092161356,158,-7.632663183598368
-7.360134124755859,0.007360134273767471,4096,320039.197809585,141000,54015.375,0.0,577540096,-7.3876792041938035,159,-7.395039338467571
-7.383718490600586,0.007383718620985746,4096,311073.1646773728,141500,54056.5859375,0.0,579588096,-7.503796525221733,160,-7.511180243842719
-7.319502353668213,0.007319502532482147,4096,286761.7671165976,142000,54101.56640625,0.0,581636096,-7.351018153116872,160,-7.358337655649354
-7.495829105377197,0.0074958293698728085,4096,367772.8540616195,142500,54148.23046875,0.0,583684096,-7.527928011290655,161,-7.535423840660528
-7.450076103210449,0.007450076285749674,4096,361530.28069814265,143000,54194.50390625,0.0,585732096,-7.178884679351851,161,-7.186334755637601
-7.526637554168701,0.007526637986302376,4096,338200.18398323253,143500,54237.57421875,0.0,587780096,-7.6861636554307715,162,-7.693690293417074
-7.534599304199219,0.0075345998629927635,4096,347417.1522061166,144000,54274.375,0.0,589828096,-7.599037585608713,162,-7.606572185471705
-7.411635875701904,0.007411636412143707,4096,297599.7655477398,144500,54318.69921875,0.0,591876096,-7.308868705009303,163,-7.316280341421447
-7.427680969238281,0.007427681237459183,4096,374578.16255726886,145000,54360.5390625,0.0,593924096,-7.446656698392528,164,-7.454084379629987
-7.395823001861572,0.007395823486149311,4096,335990.1748981932,145500,54425.43359375,0.0,595972096,-7.567435086348076,164,-7.574830909834225
-7.511061668395996,0.007511062081903219,4096,349156.66819182935,146000,54460.5,0.0,598020096,-7.46978342317748,165,-7.4772944852593834
-7.337820529937744,0.007337820716202259,4096,313184.12685991667,146500,54500.80078125,0.0,600068096,-7.47904825601278,165,-7.486386076728982
-7.34860897064209,0.007348609156906605,4096,268889.5976320527,147000,54542.84765625,0.0,602116096,-6.535479279279965,166,-6.542827888436872
-7.403743743896484,0.007403743918985128,4096,324537.69110775494,147500,54589.36328125,0.0,604164096,-7.490042631708347,166,-7.497446375627332
-7.455126762390137,0.007455127313733101,4096,348316.8090086014,148000,54654.46484375,0.0,606212096,-7.362365244968521,167,-7.369820372282254
-7.3851318359375,0.007385132368654013,4096,339985.32837829314,148500,54691.98828125,0.0,608260096,-7.380808682475465,167,-7.388193814844119
-7.510702133178711,0.007510702591389418,4096,354578.2877950753,149000,54724.08203125,0.0,610308096,-7.511861712248734,168,-7.519372414840124
-7.316564559936523,0.007316564675420523,4096,222093.27311608242,149500,54758.4765625,0.0,612356096,-6.860592045835295,169,-6.867908610510716
-7.537360191345215,0.007537360768765211,4096,293451.8235922348,150000,54799.2109375,0.0,614404096,-7.417221540721856,169,-7.4247589014906215
-7.483397483825684,0.007483397610485554,4096,320299.0162942917,150500,54846.2421875,0.0,616452096,-7.487535668670079,170,-7.495019066280564
-7.441039085388184,0.00744103966280818,4096,340807.53663342574,151000,54894.76953125,0.0,618500096,-7.437047506432811,170,-7.444488546095619
-7.357522487640381,0.0073575228452682495,4096,340353.4419334831,151500,54939.2421875,0.0,620548096,-7.3283202152555456,171,-7.335677738100814
-7.369842529296875,0.00736984284594655,4096,302868.9273193965,152000,54983.48828125,0.0,622596096,-7.296090086941874,171,-7.30345992978782
-7.553953170776367,0.007553953677415848,4096,353160.04561897746,152500,55028.12109375,0.0,624644096,-7.584929029357958,172,-7.5924829830353735
-7.45200252532959,0.007452002726495266,4096,324883.126281798,153000,55080.234375,0.0,626692096,-7.259199282920749,173,-7.266651285647244
-7.499343395233154,0.00749934371560812,4096,329514.28248870256,153500,55114.19140625,0.0,628740096,-7.643050866582018,173,-7.650550210297626
-7.649196147918701,0.007649196311831474,4096,374937.9294384166,154000,55200.99609375,0.0,630788096,-7.845385987571832,174,-7.853035183883663
-7.425705909729004,0.007425706367939711,4096,379404.4367258039,154500,55233.15234375,0.0,632836096,-7.491641960203862,174,-7.4990676665718015
-7.469729423522949,0.007469729986041784,4096,270355.7189299305,155000,55264.7421875,0.0,634884096,-7.629559791157886,175,-7.637029521143928
-7.391104698181152,0.007391104940325022,4096,327150.1165830382,155500,55299.9453125,0.0,636932096,-7.589046544817668,175,-7.596437649757993
-7.593391418457031,0.007593391928821802,4096,356347.325983586,156000,55341.08984375,0.0,638980096,-7.604580649536693,176,-7.612174041465515
-7.528109550476074,0.0075281099416315556,4096,383655.8808188607,156500,55376.5859375,0.0,641028096,-7.62374792405826,177,-7.6312760339998915
-7.528389930725098,0.007528390269726515,4096,362273.9900126648,157000,55420.31640625,0.0,643076096,-7.479488431551044,177,-7.48701682182077
-7.5206146240234375,0.0075206151232123375,4096,349224.0198503084,157500,55455.43359375,0.0,645124096,-7.516357274115077,178,-7.523877889238289
-7.517843246459961,0.007517843507230282,4096,310891.4631652277,158000,55494.61328125,0.0,647172096,-7.244709284430711,178,-7.2522271279379416
-7.478070259094238,0.007478070445358753,4096,332782.7024125579,158500,55541.58984375,0.0,649220096,-7.457145215919388,179,-7.464623286364747
-7.340184211730957,0.007340184412896633,4096,303408.9696282479,159000,55583.6171875,0.0,651268096,-7.417547703271806,179,-7.424887887684703
-7.655553817749023,0.007655553985387087,4096,349459.20549907966,159500,55627.67578125,0.0,653316096,-7.832187506532838,180,-7.839843060518225
-7.449676513671875,0.007449676748365164,4096,357480.9598460491,160000,55680.125,0.0,655364096,-7.5021365809537,180,-7.509586257702066
-7.496113300323486,0.0074961138889193535,4096,329247.24767219333,160500,55722.0234375,0.0,657412096,-7.564746577284418,181,-7.572242691173337
-7.478428363800049,0.007478428538888693,4096,311672.9691955425,161000,55773.875,0.0,659460096,-7.5361823573654325,182,-7.543660785904321
-7.478893280029297,0.007478893734514713,4096,282503.2232792984,161500,55816.44140625,0.0,661508096,-7.505688526053462,182,-7.513167419787977
-7.507889747619629,0.007507889997214079,4096,353594.4586074125,162000,55856.390625,0.0,663556096,-7.580930436482208,183,-7.588438326479422
-7.441248416900635,0.007441248744726181,4096,362977.6404459585,162500,55890.73828125,0.0,665604096,-7.5886057155266915,183,-7.596046964271418
-7.371303081512451,0.007371303625404835,4096,351593.6704982675,163000,55947.44921875,0.0,667652096,-7.448553887475692,184,-7.455925191101096
-7.371662139892578,0.007371662650257349,4096,330874.89057400334,163500,55979.453125,0.0,669700096,-7.312434430184274,184,-7.319806092834531
-7.439257621765137,0.0074392580427229404,4096,358701.8646202157,164000,56016.21875,0.0,671748096,-7.5828120774105034,185,-7.590251335453226
-7.394052505493164,0.007394053041934967,4096,333559.0445389912,164500,56057.046875,0.0,673796096,-7.550986353910771,186,-7.558380406952706
-7.445371627807617,0.007445372175425291,4096,346779.6345948974,165000,56105.0859375,0.0,675844096,-7.456653430781836,186,-7.4640988029572615
-7.472998142242432,0.007472998462617397,4096,321305.98565970827,165500,56139.77734375,0.0,677892096,-7.531252138317969,187,-7.538725136780586
-7.475688934326172,0.007475689519196749,4096,353739.6067870797,166000,56188.52734375,0.0,679940096,-7.604984424087597,187,-7.612460113606794
-7.5240020751953125,0.007524002343416214,4096,354905.0113095056,166500,56218.9140625,0.0,681988096,-7.647083729672047,188,-7.654607732015463
-7.543985366821289,0.007543985731899738,4096,352928.9735308659,167000,56254.328125,0.0,684036096,-7.669177568884523,188,-7.676721554616423
-7.39105224609375,0.007391052786260843,4096,363082.04119401745,167500,56293.41796875,0.0,686084096,-7.441049945119585,189,-7.448440997905846
-7.488039493560791,0.007488039787858725,4096,344599.13575811643,168000,56347.2109375,0.0,688132096,-7.430591607308489,190,-7.438079647096348
-7.327916622161865,0.007327917031943798,4096,292518.8471165878,168500,56377.984375,0.0,690180096,-7.535264637823539,190,-7.542592554855482
-7.469917297363281,0.007469917647540569,4096,340395.0993811195,169000,56412.1640625,0.0,692228096,-7.566222172613738,191,-7.573692090261279
-7.518465518951416,0.007518466096371412,4096,339977.99944899743,169500,56469.49609375,0.0,694276096,-7.474091993094082,191,-7.4816104591904535
-7.386875629425049,0.007386875804513693,4096,329199.64169891726,170000,56510.01171875,0.0,696324096,-7.508643856914564,192,-7.516030732719078
-7.46639347076416,0.007466393988579512,4096,354385.71748577926,170500,56543.3203125,0.0,698372096,-7.54290051211548,192,-7.55036690610406
-7.317255020141602,0.0073172552511096,4096,310772.2334452965,171000,56593.046875,0.0,700420096,-7.387241475910484,193,-7.3945587311615935
-7.4543867111206055,0.007454386912286282,4096,330468.4427273306,171500,56626.77734375,0.0,702468096,-7.546890542574603,194,-7.55434492948689
-7.547035217285156,0.007547035347670317,4096,328689.5748635874,172000,56661.00390625,0.0,704516096,-7.622847512039305,194,-7.630394547386976
-7.327661037445068,0.007327661383897066,4096,361208.5270655297,172500,56699.078125,0.0,706564096,-7.4658034975666485,195,-7.473131158950546
-7.423469543457031,0.0074234697967767715,4096,331398.9124506378,173000,56742.38671875,0.0,708612096,-7.48401028473528,195,-7.491433754532057
-7.565568447113037,0.007565568666905165,4096,351003.3171706928,173500,56780.9921875,0.0,710660096,-7.771881793748199,196,-7.779447362415104
-7.580636978149414,0.007580637466162443,4096,362821.8666436378,174000,56828.5859375,0.0,712708096,-7.688488169478552,196,-7.696068806944714
-7.465204238891602,0.007465204689651728,4096,341714.32114778925,174500,56864.19921875,0.0,714756096,-7.381991769704776,197,-7.389456974394427
-7.512934684753418,0.007512934971600771,4096,348543.85018590256,175000,56902.87109375,0.0,716804096,-7.3621155089840755,197,-7.369628443955676
-7.50750207901001,0.007507502567023039,4096,370321.9535009374,175500,56969.38671875,0.0,718852096,-7.402489040534884,198,-7.409996543101907
-7.519313812255859,0.0075193140655756,4096,339494.3171471966,176000,57003.0,0.0,720900096,-7.532339127179503,199,-7.539858441245078
-7.333194732666016,0.007333195302635431,4096,333627.5894267992,176500,57034.9609375,0.0,722948096,-7.307854857001126,199,-7.315188052303761
-7.436674118041992,0.007436674553900957,4096,378314.8413409116,177000,57069.25,0.0,724996096,-7.3906433005578815,200,-7.3980799751117825
-7.434883117675781,0.0074348836205899715,4096,377499.9182388558,177500,57108.82421875,0.0,727044096,-7.5772046611598505,200,-7.5846395447804404
-7.546100616455078,0.00754610076546669,4096,368606.8909091164,178000,57142.11328125,0.0,729092096,-7.616618517770995,201,-7.6241646185364615
-7.42549991607666,0.007425500079989433,4096,325431.44206458656,178500,57174.9921875,0.0,731140096,-7.4523616477936585,201,-7.459787147873648
-7.452226638793945,0.007452227175235748,4096,351132.7713624985,179000,57220.98046875,0.0,733188096,-7.6295101910590875,202,-7.636962418234323
-7.272324562072754,0.007272324990481138,4096,259588.72101243082,179500,57272.3125,0.0,735236096,-7.029332514403403,203,-7.036604839393884
-7.42917537689209,0.007429175544530153,4096,369297.2221973771,180000,57336.07421875,0.0,737284096,-7.5411875131740755,203,-7.548616688718606
-7.49261999130249,0.007492620497941971,4096,338987.8726525226,180500,57369.33984375,0.0,739332096,-7.616779188431686,204,-7.624271808929628
-7.571065902709961,0.00757106626406312,4096,374480.4968116732,181000,57397.796875,0.0,741380096,-7.696534672013806,204,-7.704105738277869
-7.423707008361816,0.0074237072840332985,4096,369118.3337369256,181500,57429.875,0.0,743428096,-7.5149633423978655,205,-7.522387049681899
-7.514981269836426,0.0075149815529584885,4096,367627.9150985768,182000,57464.375,0.0,745476096,-7.477640588104373,205,-7.485155569657332
-7.475805282592773,0.007475805468857288,4096,283286.12648996536,182500,57496.93359375,0.0,747524096,-7.597593375171561,206,-7.6050691806404185
-7.592679977416992,0.007592680398374796,4096,362052.12468435836,183000,57529.359375,0.0,749572096,-7.7355663575140765,207,-7.743159037912451
-7.498964309692383,0.0074989646673202515,4096,290683.8302568873,183500,57575.70703125,0.0,751620096,-7.35777871834437,207,-7.365277683011691
-7.526734352111816,0.007526734843850136,4096,362726.8111916598,184000,57616.16796875,0.0,753668096,-7.419240253207538,208,-7.426766988051388
-7.525177001953125,0.007525177206844091,4096,357513.80347401305,184500,57656.73046875,0.0,755716096,-7.651946762085464,208,-7.659471939292308
-7.528682708740234,0.007528683170676231,4096,345085.28489435103,185000,57694.16015625,0.0,757764096,-7.683419827946121,209,-7.6909485111167974
-7.510951042175293,0.00751095125451684,4096,329728.0825005264,185500,57727.47265625,0.0,759812096,-7.59160585924119,209,-7.5991168104957065
-7.429800987243652,0.007429801393300295,4096,343081.98135246953,186000,57787.01953125,0.0,761860096,-7.504574228170224,210,-7.512004029563524
-7.430406093597412,0.007430406287312508,4096,304236.1313048752,186500,57820.95703125,0.0,763908096,-7.546315052308836,210,-7.553745458596149
-7.452695846557617,0.007452696096152067,4096,336569.01917287265,187000,57854.98828125,0.0,765956096,-7.62326013346072,211,-7.630712829556872
-7.488429069519043,0.007488429546356201,4096,340889.447709889,187500,57903.83203125,0.0,768004096,-7.588571414645996,212,-7.596059844192352
-7.452365875244141,0.007452366407960653,4096,334555.02094961726,188000,57934.171875,0.0,770052096,-7.387149639338178,212,-7.394602005746139
-7.54888916015625,0.007548889610916376,4096,318975.80564200983,188500,58006.0703125,0.0,772100096,-7.682653895615571,213,-7.690202785226488
-7.439936637878418,0.007439936976879835,4096,328795.4813913926,189000,58037.68359375,0.0,774148096,-7.395529637881767,213,-7.402969574858647
-7.49134635925293,0.007491346914321184,4096,339817.07691337436,189500,58074.5703125,0.0,776196096,-7.614429532006341,214,-7.621920878920662
-7.520966529846191,0.007520966697484255,4096,358474.3278847196,190000,58113.26171875,0.0,778244096,-7.4531134465797,214,-7.460634413277185
-7.494438171386719,0.00749443843960762,4096,342858.9456911907,190500,58152.0,0.0,780292096,-7.373947352270546,215,-7.381441790710154
-7.430529594421387,0.0074305301532149315,4096,355803.9275324334,191000,58198.8125,0.0,782340096,-7.422057032571094,216,-7.429487562724309
-7.583347320556641,0.007583347614854574,4096,371011.27377371327,191500,58227.3828125,0.0,784388096,-7.740908986196464,216,-7.748492333811319
-7.477139949798584,0.007477140519768,4096,309672.76883125934,192000,58268.80078125,0.0,786436096,-7.3442193200378085,217,-7.3516964605575765
-7.536111354827881,0.007536111865192652,4096,285797.98014123866,192500,58304.26171875,0.0,788484096,-7.564155494478069,217,-7.571691606343261
-7.46402645111084,0.007464027032256126,4096,351827.1878363641,193000,58389.45703125,0.0,790532096,-7.6814709283811755,218,-7.688934955413432
-7.423643112182617,0.007423643488436937,4096,362554.78939478705,193500,58498.453125,0.0,792580096,-7.413077744643402,218,-7.420501388131839
-7.501575469970703,0.007501575630158186,4096,328551.129470238,194000,58540.7578125,0.0,794628096,-7.584104648449694,219,-7.591606224079852
-7.366445541381836,0.00736644584685564,4096,308468.50971306366,194500,58569.68359375,0.0,796676096,-7.328839076354139,220,-7.336205522200995
-7.652669906616211,0.00765267014503479,4096,356104.72577377793,195000,58596.07421875,0.0,798724096,-7.751648518599666,220,-7.7593011887447005
-7.648932933807373,0.007648933213204145,4096,372088.26568929775,195500,58620.08984375,0.0,800772096,-7.743442145794957,221,-7.7510910790081615
-7.455422401428223,0.007455422542989254,4096,299077.5726019861,196000,58648.015625,0.0,802820096,-7.429535741639377,221,-7.436991164182366
-7.549234390258789,0.007549234665930271,4096,331789.02919987176,196500,58672.81640625,0.0,804868096,-7.569272536217308,222,-7.576821770883238
-7.515934944152832,0.007515935227274895,4096,311219.06449893676,197000,58701.83984375,0.0,806916096,-7.6487222491782765,222,-7.656238184405551
-7.539015293121338,0.007539015728980303,4096,375531.8550410057,197500,58730.90234375,0.0,808964096,-7.70036948598211,223,-7.70790850171109
-7.600984573364258,0.007600985001772642,4096,314486.9281297562,198000,58764.73828125,0.0,811012096,-7.658672548741945,223,-7.666273533743718
-7.515533447265625,0.0075155338272452354,4096,308720.4560357933,198500,58803.55078125,0.0,813060096,-7.683992189287617,224,-7.691507723114862
-7.540024757385254,0.007540025282651186,4096,355767.613290626,199000,58839.875,0.0,815108096,-7.573113935592303,225,-7.580653960874955
-7.606554985046387,0.007606555242091417,4096,353640.1597751763,199500,58879.33984375,0.0,817156096,-7.654885932126645,225,-7.662492487368737
-7.514083385467529,0.007514083757996559,4096,321389.1899852804,200000,58930.12109375,0.0,819204096,-7.480562124462652,226,-7.488076208220648
-7.481925010681152,0.007481925189495087,4096,346446.93961224647,200500,58975.05859375,0.0,821252096,-7.656362518373109,226,-7.6638444435626045
-7.600001811981201,0.0076000019907951355,4096,351873.7322354736,201000,59006.8359375,0.0,823300096,-7.8535593686482645,227,-7.86115937063906
-7.492387771606445,0.007492388132959604,4096,317033.63143621455,201500,59042.1640625,0.0,825348096,-7.626190675422201,227,-7.633683063555161
-7.586122989654541,0.007586123421788216,4096,364180.05123714276,202000,59085.68359375,0.0,827396096,-7.686032008593488,228,-7.693618132015276
-7.552013874053955,0.007552014198154211,4096,353712.95731766784,202500,59120.3359375,0.0,829444096,-7.482571993789232,229,-7.4901240079873865
-7.639077186584473,0.007639077492058277,4096,345170.4242891212,203000,59156.81640625,0.0,831492096,-7.75629756917753,229,-7.763936646669588
-7.423249244689941,0.007423249538987875,4096,319252.67994172935,203500,59198.78515625,0.0,833540096,-7.37857753159684,230,-7.386000781135828
-7.578642845153809,0.007578643038868904,4096,327910.7461418791,204000,59231.98828125,0.0,835588096,-7.8254694947158585,230,-7.833048137754727
-7.568981647491455,0.0075689819641411304,4096,351869.07312383765,204500,59275.46875,0.0,837636096,-7.677869648991834,231,-7.685438630955975
-7.576280117034912,0.007576280273497105,4096,353793.52018032136,205000,59314.58203125,0.0,839684096,-7.360845004976364,231,-7.368421285249861
-7.4135284423828125,0.007413528859615326,4096,352018.6699385123,205500,59359.83203125,0.0,841732096,-7.460926897076174,232,-7.468340425935789
-7.412867546081543,0.007412868086248636,4096,306457.4234305115,206000,59395.04296875,0.0,843780096,-7.278206314930383,233,-7.285619183016632
-7.532637119293213,0.007532637566328049,4096,320259.96182498697,206500,59433.953125,0.0,845828096,-7.5528252967854765,233,-7.560357934351805
-7.511484146118164,0.007511484436690807,4096,335165.45843576593,207000,59469.7421875,0.0,847876096,-7.513897309479594,234,-7.521408793916285
-7.507909774780273,0.007507910020649433,4096,353018.74548466364,207500,59511.98046875,0.0,849924096,-7.664671459207112,234,-7.672179369227761
-7.581003189086914,0.007581003475934267,4096,345246.519200236,208000,59555.03125,0.0,851972096,-7.696823521749047,235,-7.704404525224981
-7.50875997543335,0.007508760318160057,4096,351229.8178950229,208500,59588.84375,0.0,854020096,-7.3077278054143004,235,-7.3152365657324605
-7.559552192687988,0.007559552323073149,4096,370610.83309679164,209000,59653.609375,0.0,856068096,-7.547007169672694,236,-7.5545667219957675
-7.5194902420043945,0.007519490551203489,4096,331475.2472843196,209500,59683.33984375,0.0,858116096,-7.5801784600312185,236,-7.587697950582422
-7.374195098876953,0.007374195381999016,4096,344233.7562184129,210000,59716.81640625,0.0,860164096,-7.195245452830578,237,-7.202619648212577
-7.478848457336426,0.007478849031031132,4096,330827.39004207694,210500,59750.41796875,0.0,862212096,-7.516721714324941,238,-7.524200563355972
-7.48134183883667,0.007481342181563377,4096,349926.3916895308,211000,59801.03515625,0.0,864260096,-7.558632582562952,238,-7.566113924744515
-7.483381271362305,0.007483381778001785,4096,333860.191059802,211500,59835.79296875,0.0,866308096,-7.466424608648637,239,-7.473907990426639
-7.512075901031494,0.0075120762921869755,4096,332214.76021052734,212000,59870.12109375,0.0,868356096,-7.484065281199567,239,-7.491577357491754
-7.617805004119873,0.007617805153131485,4096,352868.40024807246,212500,59913.453125,0.0,870404096,-7.768299888157031,240,-7.775917693310163
-7.418982982635498,0.0074189831502735615,4096,316779.60911093594,213000,59948.55859375,0.0,872452096,-7.281901093921524,240,-7.289320077071798
-7.593748092651367,0.00759374862536788,4096,344319.1492900922,213500,59981.4609375,0.0,874500096,-7.651762869167621,241,-7.659356617792989
-7.521090507507324,0.007521091029047966,4096,351572.88625946664,214000,60028.96875,0.0,876548096,-7.502366240820599,242,-7.509887331849647
-7.521866798400879,0.007521867286413908,4096,342922.80008289183,214500,60060.12890625,0.0,878596096,-7.600887865784589,242,-7.608409733071003
-7.696833610534668,0.007696833927184343,4096,370914.372413256,215000,60093.30078125,0.0,880644096,-7.727431220527373,243,-7.735128054454558
-7.453904151916504,0.007453904487192631,4096,303982.7677342213,215500,60126.12109375,0.0,882692096,-7.1995238006354345,243,-7.206977705122627
-7.384322166442871,0.0073843225836753845,4096,305714.6388648003,216000,60165.3828125,0.0,884740096,-7.527161993380407,244,-7.534546315964082
-7.506412506103516,0.007506412919610739,4096,328888.19631711766,216500,60195.51171875,0.0,886788096,-7.665764111013051,244,-7.673270523932662
-7.665433883666992,0.0076654343865811825,4096,383994.29033846385,217000,60244.15234375,0.0,888836096,-7.72253587462461,245,-7.730201309011191
-7.648078918457031,0.007648079190403223,4096,374154.08248137735,217500,60277.015625,0.0,890884096,-7.686207235282183,246,-7.693855314472586
-7.568188667297363,0.007568188942968845,4096,354725.79958800325,218000,60308.28125,0.0,892932096,-7.631381107757765,246,-7.6389492967007335
-7.427417755126953,0.007427418138831854,4096,367525.004675191,218500,60345.66796875,0.0,894980096,-7.3972848292052005,247,-7.404712247344032
-7.481992721557617,0.007481993176043034,4096,340655.3382661419,219000,60378.02734375,0.0,897028096,-7.493693424337657,247,-7.5011754175137
-7.495187759399414,0.007495188154280186,4096,349572.00145450956,219500,60405.71484375,0.0,899076096,-7.572286962136556,248,-7.5797821502908365
-7.479696273803711,0.007479696534574032,4096,358499.5125034761,220000,60443.61328125,0.0,901124096,-7.630831495024507,248,-7.638311191559081
-7.451610565185547,0.00745161110535264,4096,344045.4688921374,220500,60478.79296875,0.0,903172096,-7.605090231711548,249,-7.612541842816901
-7.607311725616455,0.007607311941683292,4096,330674.64606201655,221000,60515.9453125,0.0,905220096,-7.799105613495468,250,-7.806712925437151
-7.606900215148926,0.0076069007627666,4096,347197.9883957042,221500,60552.015625,0.0,907268096,-7.60139222073167,250,-7.608999121494437
-7.52176570892334,0.007521766237914562,4096,246622.20814426022,222000,60586.89453125,0.0,909316096,-7.511596603541448,251,-7.519118369779362
-7.429075241088867,0.007429075427353382,4096,303288.57550041284,222500,60626.10546875,0.0,911364096,-7.1984030945483966,251,-7.20583216997575
-7.436230659484863,0.00743623124435544,4096,290087.03225789,223000,60664.109375,0.0,913412096,-7.5734588334247,252,-7.580895064669056
-7.481433391571045,0.007481433916836977,4096,318643.47240089363,223500,60702.00390625,0.0,915460096,-7.2061541369763304,252,-7.213635570893167
-7.377071380615234,0.007377071771770716,4096,286537.8866662269,224000,60733.24609375,0.0,917508096,-7.395256494041315,253,-7.402633565813086
-7.3657636642456055,0.007365764118731022,4096,298863.8889222985,224500,60767.40625,0.0,919556096,-7.20436327092891,253,-7.211729035047641
-7.478569984436035,0.007478570565581322,4096,314271.72948304255,225000,60803.2421875,0.0,921604096,-7.673883628500581,254,-7.681362199066163
-7.540403366088867,0.007540403865277767,4096,360904.3522354614,225500,60833.87109375,0.0,923652096,-7.661741951647691,255,-7.669282355512968
-7.591351509094238,0.007591351866722107,4096,345766.15263348666,226000,60882.0234375,0.0,925700096,-7.563315985750072,255,-7.570907337616794
-7.658449649810791,0.007658449932932854,4096,343858.3924834082,226500,60915.86328125,0.0,927748096,-7.680440792640348,256,-7.688099242573281
-7.455692291259766,0.0074556926265358925,4096,335012.6402124758,227000,60947.52734375,0.0,929796096,-7.6057933940991544,256,-7.61324908672569
-7.352611064910889,0.007352611515671015,4096,254196.18866180084,227500,60980.6328125,0.0,931844096,-7.374085990161195,257,-7.381438601676866
-7.353623867034912,0.007353624328970909,4096,291022.8552043119,228000,61012.51171875,0.0,933892096,-7.313066552395631,257,-7.3204201767246015
-7.535840034484863,0.007535840384662151,4096,254873.70431899128,228500,61049.08984375,0.0,935940096,-7.5848435653398365,258,-7.592379405724499
-6.653217315673828,0.006653217598795891,4096,42817.89208216217,229000,61083.078125,0.0,937988096,-6.57011885166272,259,-6.576772069261516
-7.536495208740234,0.007536495570093393,4096,318379.8903499363,229500,61117.859375,0.0,940036096,-7.636676406677749,259,-7.644212902247842
-7.513472557067871,0.007513472810387611,4096,265555.8508219946,230000,61150.86328125,0.0,942084096,-7.645770337191846,260,-7.653283810002233
-7.581605911254883,0.007581606041640043,4096,302668.5353967904,230500,61190.75390625,0.0,944132096,-7.569996542082775,260,-7.577578148124415
-7.465760707855225,0.00746576115489006,4096,311058.2275021395,231000,61223.01953125,0.0,946180096,-7.5385856781106675,261,-7.5460514392655575
-7.326940536499023,0.007326941005885601,4096,264431.11823928996,231500,61261.78515625,0.0,948228096,-7.367894866419743,261,-7.375221807425628
-7.445339202880859,0.0074453395791351795,4096,284452.70506883034,232000,61304.68359375,0.0,950276096,-7.495902749374235,262,-7.50334808895337
-7.397989273071289,0.007397989742457867,4096,281694.3901413929,232500,61333.87109375,0.0,952324096,-7.3632213928771435,263,-7.370619382619601
-7.378444671630859,0.007378445006906986,4096,296177.66155488166,233000,61369.1328125,0.0,954372096,-7.412142394933991,263,-7.419520839940898
-7.4263997077941895,0.007426400203257799,4096,283406.7076865899,233500,61399.55859375,0.0,956420096,-7.3729136601464695,264,-7.380340060349727
-7.510461330413818,0.0075104618445038795,4096,296980.3184988789,234000,61440.9765625,0.0,958468096,-7.581600241603686,264,-7.58911070344819
-7.454038619995117,0.007454039063304663,4096,311994.9013108276,234500,61481.71484375,0.0,960516096,-7.581367560830387,265,-7.588821599893691
-7.388213157653809,0.007388213649392128,4096,289385.87446810724,235000,61513.21484375,0.0,962564096,-7.47819274595631,265,-7.485580959605702
-7.417595863342285,0.007417596410959959,4096,294401.7292135202,235500,61549.36328125,0.0,964612096,-7.3952017535490295,266,-7.4026193499599895
-7.359062194824219,0.007359062321484089,4096,282252.2352121073,236000,61577.875,0.0,966660096,-7.48634051763461,266,-7.493699579956094
-7.461954116821289,0.00746195437386632,4096,302226.5369309397,236500,61613.203125,0.0,968708096,-7.517616086177339,267,-7.525078040551206
-7.439050674438477,0.0074390508234500885,4096,287297.121868575,237000,61645.42578125,0.0,970756096,-7.517162173834802,268,-7.524601224658252
-7.437941551208496,0.007437942083925009,4096,295892.085306841,237500,61683.53515625,0.0,972804096,-7.439093754350504,268,-7.446531696434429
-7.495144844055176,0.007495145313441753,4096,282374.18325345364,238000,61716.48828125,0.0,974852096,-7.579711754392757,269,-7.5872068997061985
-7.439785003662109,0.007439785171300173,4096,297394.6248692733,238500,61748.48828125,0.0,976900096,-7.466540268135915,269,-7.473980053307216
-7.484755516052246,0.00748475594446063,4096,284890.9233960805,239000,61794.87890625,0.0,978948096,-7.576405431929215,270,-7.583890187873676
-7.3674092292785645,0.007367409765720367,4096,242004.357930386,239500,61823.828125,0.0,980996096,-7.423453022624802,270,-7.430820432390522
-7.484523773193359,0.007484524045139551,4096,274511.7797619663,240000,61862.09375,0.0,983044096,-7.407611442315368,271,-7.415095966360507
-7.536447525024414,0.007536448072642088,4096,292668.45743230893,240500,61894.1640625,0.0,985092096,-7.589007561328098,272,-7.59654400940074
-7.467741966247559,0.007467742543667555,4096,302117.05755332706,241000,61922.109375,0.0,987140096,-7.490193728421096,272,-7.497661470964764
-7.36624813079834,0.007366248406469822,4096,267829.89326922985,241500,61963.67578125,0.0,989188096,-7.549161688885196,273,-7.556527937291666
-7.386802673339844,0.007386803161352873,4096,261766.34204003983,242000,61993.87890625,0.0,991236096,-7.543050794806917,273,-7.55043759796827
-7.373802185058594,0.007373802363872528,4096,277062.70827952086,242500,62023.74609375,0.0,993284096,-7.406276321257783,274,-7.413650123621656
-7.3132405281066895,0.00731324078515172,4096,269523.50246824056,243000,62059.12109375,0.0,995332096,-7.275834019472057,274,-7.283147260257209
-7.562633991241455,0.007562634535133839,4096,301972.00797775836,243500,62108.22265625,0.0,997380096,-7.700723317059217,275,-7.708285951594351
-7.36151123046875,0.007361511699855328,4096,299768.70381603343,244000,62135.60546875,0.0,999428096,-7.3561078209570265,276,-7.363469332656882
-7.370863437652588,0.007370863575488329,4096,268674.1676317455,244500,62166.90234375,0.0,1001476096,-7.485380602663242,276,-7.4927514662387305
-7.286138534545898,0.007286138832569122,4096,252371.93270188733,245000,62192.8671875,0.0,1003524096,-7.241657922151947,277,-7.248944060984516
-7.473849773406982,0.007473850157111883,4096,273939.94871870294,245500,62219.13671875,0.0,1005572096,-7.466486357020004,277,-7.473960207177116
-7.38994026184082,0.007389940787106752,4096,272315.74263566965,246000,62254.65625,0.0,1007620096,-7.272626770961108,278,-7.280016711748215
-7.298493385314941,0.007298493757843971,4096,278192.1872074157,246500,62285.57421875,0.0,1009668096,-7.409045628775978,278,-7.416344122533822
-7.502630233764648,0.007502630818635225,4096,295196.54341721226,247000,62316.31640625,0.0,1011716096,-7.580425573953843,279,-7.587928204772478
-7.430050849914551,0.007430050987750292,4096,300174.43198466947,247500,62343.2421875,0.0,1013764096,-6.987788422717038,279,-6.995218473704789
-7.495460510253906,0.007495461031794548,4096,300997.32817321166,248000,62383.0703125,0.0,1015812096,-7.539309772277206,280,-7.5468052333090005
-7.362823009490967,0.0073628234677016735,4096,265980.5194520506,248500,62408.96875,0.0,1017860096,-7.557807229014085,281,-7.565170052481787
-7.520975112915039,0.007520975545048714,4096,305311.0572832661,249000,62434.96484375,0.0,1019908096,-7.655647911815023,281,-7.663168887360071
-7.342748641967773,0.007342748809605837,4096,231574.05533041796,249500,62467.74609375,0.0,1021956096,-7.490597886903544,282,-7.4979406357131495
-7.478203773498535,0.0074782040901482105,4096,289048.63337221724,250000,62490.19921875,0.0,1024004096,-7.530458314739031,282,-7.537936518829179
-7.438468933105469,0.007438469212502241,4096,280460.3339036377,250500,62518.44921875,0.0,1026052096,-7.39592943834276,283,-7.403367907555262
-7.252704620361328,0.007252704817801714,4096,288526.40347380744,251000,62558.98046875,0.0,1028100096,-7.24723266634298,283,-7.254485371160782
-7.4374542236328125,0.007437454536557198,4096,289476.95263539476,251500,62584.3671875,0.0,1030148096,-7.3745617335735645,284,-7.381999188110122
-7.445831298828125,0.007445831783115864,4096,287983.5822416007,252000,62621.73828125,0.0,1032196096,-7.465719630900154,285,-7.47316546268327
-7.423181533813477,0.007423182018101215,4096,303993.73365575285,252500,62656.625,0.0,1034244096,-7.478482854426158,285,-7.485906036444259
-7.3977274894714355,0.0073977280408144,4096,289090.72609805816,253000,62692.07421875,0.0,1036292096,-7.392521906654769,286,-7.399919634695584
-7.386181831359863,0.007386181969195604,4096,281844.14947110345,253500,62730.1171875,0.0,1038340096,-7.5396662889056065,286,-7.547052470874802
-7.488263130187988,0.007488263305276632,4096,309557.19723201776,254000,62759.0546875,0.0,1040388096,-7.73054559507637,287,-7.738033858381646
-7.298017501831055,0.007298017852008343,4096,249877.31628546433,254500,62794.625,0.0,1042436096,-7.165306425528874,287,-7.172604443380882
-7.410434722900391,0.007410435006022453,4096,273506.7323105211,255000,62839.44921875,0.0,1044484096,-7.59079171951521,288,-7.598202154521233
-7.299526214599609,0.00729952659457922,4096,298841.7859393537,255500,62875.64453125,0.0,1046532096,-7.391921004860296,289,-7.399220531454875
-7.430303573608398,0.0074303038418293,4096,267690.08031052444,256000,62919.77734375,0.0,1048580096,-7.508203156786155,289,-7.515633460627984
-7.422647476196289,0.007422647904604673,4096,306847.7964794567,256500,62951.96484375,0.0,1050628096,-7.33118114181842,290,-7.338603789723025
-7.4933671951293945,0.0074933674186468124,4096,281989.3782582417,257000,62985.41015625,0.0,1052676096,-7.4929393448385415,290,-7.500432712257188
-7.39857292175293,0.007398573216050863,4096,302394.0238503354,257500,63023.73046875,0.0,1054724096,-7.363506422193218,291,-7.370904995409269
-7.352029800415039,0.007352030370384455,4096,292623.41836000833,258000,63060.625,0.0,1056772096,-7.301826928856804,291,-7.3091789592271885
-7.412476539611816,0.007412476930767298,4096,301149.87491277914,258500,63096.5390625,0.0,1058820096,-7.442028437855214,292,-7.449440914785981
-7.29743766784668,0.007297438103705645,4096,276268.2105498222,259000,63136.42578125,0.0,1060868096,-7.348026893892801,292,-7.355324331996506
-7.507145881652832,0.0075071463361382484,4096,317221.77228638367,259500,63173.91796875,0.0,1062916096,-7.576838049127262,293,-7.5843451954634
-7.509539604187012,0.00750953983515501,4096,292961.21685314516,260000,63207.44140625,0.0,1064964096,-7.356372983399477,294,-7.363882523234632
-7.430902481079102,0.007430902682244778,4096,287965.18678327627,260500,63237.46875,0.0,1067012096,-7.504147763359445,294,-7.5115786660416894
-7.313492298126221,0.0073134927079081535,4096,306430.58950001525,261000,63317.48046875,0.0,1069060096,-7.509222068783386,295,-7.5165355614912945
-7.36175012588501,0.0073617505840957165,4096,310780.95636826596,261500,63350.08203125,0.0,1071108096,-7.226073624167212,295,-7.233435374751307
-7.419946670532227,0.0074199470691382885,4096,314347.63682268513,262000,63380.37890625,0.0,1073156096,-7.534483038330122,296,-7.54190298539926
-7.412528991699219,0.0074125295504927635,4096,276242.0307939553,262500,63409.6640625,0.0,1075204096,-7.478728058403223,296,-7.486140587953716
-7.379311561584473,0.007379312068223953,4096,279375.9171111091,263000,63441.0078125,0.0,1077252096,-7.375614407119609,297,-7.382993719187833
-7.498190402984619,0.007498190738260746,4096,294673.39950877836,263500,63471.39453125,0.0,1079300096,-7.526371091829778,298,-7.5338692825680385
-7.457258224487305,0.007457258645445108,4096,313420.9577712025,264000,63498.98046875,0.0,1081348096,-7.451971634762298,298,-7.459428893407743
-7.623022079467773,0.007623022422194481,4096,348554.838794914,264500,63537.55859375,0.0,1083396096,-7.707479765726061,299,-7.715102788148256
-7.422849655151367,0.007422850001603365,4096,310570.4609126372,265000,63576.953125,0.0,1085444096,-7.46294767190071,299,-7.470370521902313
